strategy,observed_count,observed_fraction,repeat,rank,beta,sigma_min,sigma_min_nonzero,condition_number,noise_amplification,noiseless_relative_error,noisy_ls_relative_error,noisy_ridge_relative_error
tree_first,0,0.0,0,0,10,0.0,0.0,inf,inf,1.0,1.0,1.0
chord_first,0,0.0,0,0,10,0.0,0.0,inf,inf,1.0,1.0,1.0
rank_greedy,0,0.0,0,0,10,0.0,0.0,inf,inf,1.0,1.0,1.0
random,0,0.0,0,0,10,0.0,0.0,inf,inf,1.0,1.0,1.0
tree_first,0,0.0,1,0,10,0.0,0.0,inf,inf,1.0,1.0,1.0
chord_first,0,0.0,1,0,10,0.0,0.0,inf,inf,1.0,1.0,1.0
rank_greedy,0,0.0,1,0,10,0.0,0.0,inf,inf,1.0,1.0,1.0
random,0,0.0,1,0,10,0.0,0.0,inf,inf,1.0,1.0,1.0
tree_first,0,0.0,2,0,10,0.0,0.0,inf,inf,1.0,1.0,1.0
chord_first,0,0.0,2,0,10,0.0,0.0,inf,inf,1.0,1.0,1.0
rank_greedy,0,0.0,2,0,10,0.0,0.0,inf,inf,1.0,1.0,1.0
random,0,0.0,2,0,10,0.0,0.0,inf,inf,1.0,1.0,1.0
tree_first,0,0.0,3,0,10,0.0,0.0,inf,inf,1.0,1.0,1.0
chord_first,0,0.0,3,0,10,0.0,0.0,inf,inf,1.0,1.0,1.0
rank_greedy,0,0.0,3,0,10,0.0,0.0,inf,inf,1.0,1.0,1.0
random,0,0.0,3,0,10,0.0,0.0,inf,inf,1.0,1.0,1.0
tree_first,0,0.0,4,0,10,0.0,0.0,inf,inf,1.0,1.0,1.0
chord_first,0,0.0,4,0,10,0.0,0.0,inf,inf,1.0,1.0,1.0
rank_greedy,0,0.0,4,0,10,0.0,0.0,inf,inf,1.0,1.0,1.0
random,0,0.0,4,0,10,0.0,0.0,inf,inf,1.0,1.0,1.0
tree_first,0,0.0,5,0,10,0.0,0.0,inf,inf,1.0,1.0,1.0
chord_first,0,0.0,5,0,10,0.0,0.0,inf,inf,1.0,1.0,1.0
rank_greedy,0,0.0,5,0,10,0.0,0.0,inf,inf,1.0,1.0,1.0
random,0,0.0,5,0,10,0.0,0.0,inf,inf,1.0,1.0,1.0
tree_first,0,0.0,6,0,10,0.0,0.0,inf,inf,1.0,1.0,1.0
chord_first,0,0.0,6,0,10,0.0,0.0,inf,inf,1.0,1.0,1.0
rank_greedy,0,0.0,6,0,10,0.0,0.0,inf,inf,1.0,1.0,1.0
random,0,0.0,6,0,10,0.0,0.0,inf,inf,1.0,1.0,1.0
tree_first,0,0.0,7,0,10,0.0,0.0,inf,inf,1.0,1.0,1.0
chord_first,0,0.0,7,0,10,0.0,0.0,inf,inf,1.0,1.0,1.0
rank_greedy,0,0.0,7,0,10,0.0,0.0,inf,inf,1.0,1.0,1.0
random,0,0.0,7,0,10,0.0,0.0,inf,inf,1.0,1.0,1.0
tree_first,1,0.04,0,1,10,0.0,0.7365008122800619,inf,inf,0.993553830141164,0.99389389817955,0.9938311126121172
chord_first,1,0.04,0,1,10,0.0,0.7097113241921611,inf,inf,0.9927293148459295,0.9943826840973868,0.9941892946015863
rank_greedy,1,0.04,0,1,10,0.0,0.7365008122800619,inf,inf,0.993553830141164,0.9953792736513504,0.9954379290961285
random,1,0.04,0,1,10,0.0,0.7172718525115142,inf,inf,0.9458854995943944,0.9460302108367014,0.9459388222309567
tree_first,1,0.04,1,1,10,0.0,0.7365008122800619,inf,inf,0.993553830141164,0.9935572631171153,0.9935539623341831
chord_first,1,0.04,1,1,10,0.0,0.7097113241921611,inf,inf,0.9927293148459295,0.9933660748619146,0.9932620376979732
rank_greedy,1,0.04,1,1,10,0.0,0.7365008122800619,inf,inf,0.993553830141164,0.9936091553253199,0.9936305517660142
random,1,0.04,1,1,10,0.0,0.7365008122800619,inf,inf,0.993553830141164,0.9938261716484085,0.9938656872495594
tree_first,1,0.04,2,1,10,0.0,0.7365008122800619,inf,inf,0.993553830141164,0.9954283566296221,0.9952396715674423
chord_first,1,0.04,2,1,10,0.0,0.7097113241921611,inf,inf,0.9927293148459295,0.992805141414062,0.9927765867576765
rank_greedy,1,0.04,2,1,10,0.0,0.7365008122800619,inf,inf,0.993553830141164,0.9937687829356238,0.9938050957048439
random,1,0.04,2,1,10,0.0,0.7172718525115142,inf,inf,0.9458854995943944,0.946997117422622,0.9466813354052156
tree_first,1,0.04,3,1,10,0.0,0.7365008122800619,inf,inf,0.993553830141164,0.9940752882618908,0.9941239565871864
chord_first,1,0.04,3,1,10,0.0,0.7097113241921611,inf,inf,0.9927293148459295,0.9930521678850515,0.9929839018408217
rank_greedy,1,0.04,3,1,10,0.0,0.7365008122800619,inf,inf,0.993553830141164,0.994389081432675,0.9944438113446693
random,1,0.04,3,1,10,0.0,0.6304378888254494,inf,inf,0.9782973009558747,0.9783244336711424,0.9782993904342482
tree_first,1,0.04,4,1,10,0.0,0.7365008122800619,inf,inf,0.993553830141164,0.9936397554444061,0.9936652889011022
chord_first,1,0.04,4,1,10,0.0,0.7097113241921611,inf,inf,0.9927293148459295,0.9934735984814428,0.993358750470009
rank_greedy,1,0.04,4,1,10,0.0,0.7365008122800619,inf,inf,0.993553830141164,0.9936027117143842,0.9936230629279185
random,1,0.04,4,1,10,0.0,0.5266694785935222,inf,inf,0.9942228196990307,0.9952243083097623,0.9953245477400173
tree_first,1,0.04,5,1,10,0.0,0.7365008122800619,inf,inf,0.993553830141164,0.9941419574520662,0.9941922775925982
chord_first,1,0.04,5,1,10,0.0,0.7097113241921611,inf,inf,0.9927293148459295,0.9934005326878054,0.9932929733921544
rank_greedy,1,0.04,5,1,10,0.0,0.7365008122800619,inf,inf,0.993553830141164,0.9948473532948611,0.9949058069619597
random,1,0.04,5,1,10,0.0,0.5704151847972115,inf,inf,0.9703211090277828,0.9715665486367244,0.9718742319718785
tree_first,1,0.04,6,1,10,0.0,0.7365008122800619,inf,inf,0.993553830141164,0.9939298348131841,0.9939738823442805
chord_first,1,0.04,6,1,10,0.0,0.7097113241921611,inf,inf,0.9927293148459295,0.9927594893512109,0.9927790047161921
rank_greedy,1,0.04,6,1,10,0.0,0.7365008122800619,inf,inf,0.993553830141164,0.9939137307416825,0.9939571567965138
random,1,0.04,6,1,10,0.0,0.7002072035855974,inf,inf,0.9930665246980811,0.9937674650654708,0.9936560318444491
tree_first,1,0.04,7,1,10,0.0,0.7365008122800619,inf,inf,0.993553830141164,0.9938226598206117,0.9937682716350664
chord_first,1,0.04,7,1,10,0.0,0.7097113241921611,inf,inf,0.9927293148459295,0.9946213867972177,0.9946929163776466
rank_greedy,1,0.04,7,1,10,0.0,0.7365008122800619,inf,inf,0.993553830141164,0.9947531873324923,0.994613379401311
random,1,0.04,7,1,10,0.0,0.6304378888254494,inf,inf,0.9782973009558747,0.978450330671596,0.978368393373666
tree_first,2,0.08,0,2,10,0.0,0.5723036871568572,inf,inf,0.8080401347362568,0.8087766337212015,0.8082360082298784
chord_first,2,0.08,0,2,10,0.0,0.6878557869144944,inf,inf,0.9698060961544774,0.970100030403796,0.9700046327879254
rank_greedy,2,0.08,0,2,10,0.0,0.7085203047218606,inf,inf,0.9161613618310386,0.9188908335057349,0.9182303616317362
random,2,0.08,0,2,10,0.0,0.47808927406924956,inf,inf,0.8041127895099132,0.8073389847255611,0.8094848429627117
tree_first,2,0.08,1,2,10,0.0,0.5723036871568572,inf,inf,0.8080401347362568,0.8088881400311188,0.8092967891181504
chord_first,2,0.08,1,2,10,0.0,0.6878557869144944,inf,inf,0.9698060961544774,0.9715391993735497,0.9716703469911321
rank_greedy,2,0.08,1,2,10,0.0,0.7085203047218606,inf,inf,0.9161613618310386,0.9165959997232148,0.9166898591651913
random,2,0.08,1,2,10,0.0,0.5478460392602089,inf,inf,0.9759555402937443,0.9767657042031094,0.9764627369122825
tree_first,2,0.08,2,2,10,0.0,0.5723036871568572,inf,inf,0.8080401347362568,0.8089452243513666,0.808325878452952
chord_first,2,0.08,2,2,10,0.0,0.6878557869144944,inf,inf,0.9698060961544774,0.9704853384554033,0.9703084936199493
rank_greedy,2,0.08,2,2,10,0.0,0.7085203047218606,inf,inf,0.9161613618310386,0.9161686134806024,0.9162253239314642
random,2,0.08,2,1,10,0.0,0.7002072035855974,inf,inf,0.9930665246980811,0.9930677539393596,0.9930668619525334
tree_first,2,0.08,3,2,10,0.0,0.5723036871568572,inf,inf,0.8080401347362568,0.809585712394471,0.8105244218409359
chord_first,2,0.08,3,2,10,0.0,0.6878557869144944,inf,inf,0.9698060961544774,0.9709340101138875,0.9710621754263716
rank_greedy,2,0.08,3,2,10,0.0,0.7085203047218606,inf,inf,0.9161613618310386,0.916326677544412,0.9164338843435831
random,2,0.08,3,2,10,0.0,0.5286204874006478,inf,inf,0.990797986676505,0.9931848278170248,0.9930545140566898
tree_first,2,0.08,4,2,10,0.0,0.5723036871568572,inf,inf,0.8080401347362568,0.8137549289540448,0.8155127294669977
chord_first,2,0.08,4,2,10,0.0,0.6878557869144944,inf,inf,0.9698060961544774,0.9709606660531155,0.9711422180946908
rank_greedy,2,0.08,4,2,10,0.0,0.7085203047218606,inf,inf,0.9161613618310386,0.9166652172547015,0.9165763033058499
random,2,0.08,4,2,10,0.0,0.5478278254544505,inf,inf,0.817017122075045,0.8170389029399153,0.8173200155501039
tree_first,2,0.08,5,2,10,0.0,0.5723036871568572,inf,inf,0.8080401347362568,0.8083532860891933,0.8081739625530231
chord_first,2,0.08,5,2,10,0.0,0.6878557869144944,inf,inf,0.9698060961544774,0.9699865702949733,0.9700165498430606
rank_greedy,2,0.08,5,2,10,0.0,0.7085203047218606,inf,inf,0.9161613618310386,0.9162435572246901,0.916366555236557
random,2,0.08,5,1,10,0.0,0.6919242916744699,inf,inf,0.8656595038266184,0.8660216589193032,0.8657773998731404
tree_first,2,0.08,6,2,10,0.0,0.5723036871568572,inf,inf,0.8080401347362568,0.8091740432717172,0.8100617368396685
chord_first,2,0.08,6,2,10,0.0,0.6878557869144944,inf,inf,0.9698060961544774,0.9715327515934193,0.9715967172913998
rank_greedy,2,0.08,6,2,10,0.0,0.7085203047218606,inf,inf,0.9161613618310386,0.9189661421384708,0.9184674696253331
random,2,0.08,6,2,10,0.0,0.526255134021785,inf,inf,0.9612309593183379,0.9618151378472044,0.961861191399906
tree_first,2,0.08,7,2,10,0.0,0.5723036871568572,inf,inf,0.8080401347362568,0.8095662768196701,0.8088996869438986
chord_first,2,0.08,7,2,10,0.0,0.6878557869144944,inf,inf,0.9698060961544774,0.9711377742403577,0.9708810944421471
rank_greedy,2,0.08,7,2,10,0.0,0.7085203047218606,inf,inf,0.9161613618310386,0.9179836269234235,0.9183682716109574
random,2,0.08,7,2,10,0.0,0.45005316087811387,inf,inf,0.8594128931506931,0.862620915106636,0.8607455273910175
tree_first,3,0.12,0,2,10,0.0,0.5723036871568574,inf,inf,0.8080401347362568,0.8080532801688023,0.8081335352461206
chord_first,3,0.12,0,3,10,0.0,0.6528340996352422,inf,inf,0.9139370505220261,0.9178369120386454,0.9172653540391315
rank_greedy,3,0.12,0,3,10,0.0,0.6494608639532424,inf,inf,0.915269222893095,0.9160472496332007,0.9162339920268703
random,3,0.12,0,3,10,0.0,0.48987139366576854,inf,inf,0.852644565367643,0.8533862456360118,0.8534254074216652
tree_first,3,0.12,1,2,10,0.0,0.5723036871568574,inf,inf,0.8080401347362568,0.8081952914594059,0.8081121608583098
chord_first,3,0.12,1,3,10,0.0,0.6528340996352422,inf,inf,0.9139370505220261,0.9145064089660423,0.9144323477339104
rank_greedy,3,0.12,1,3,10,0.0,0.6494608639532424,inf,inf,0.915269222893095,0.9195143197603286,0.9190395381669656
random,3,0.12,1,3,10,0.0,0.4759120850961928,inf,inf,0.9372061145085817,0.9375564207161159,0.9377417791811274
tree_first,3,0.12,2,2,10,0.0,0.5723036871568574,inf,inf,0.8080401347362568,0.8108105618190365,0.8120806698897302
chord_first,3,0.12,2,3,10,0.0,0.6528340996352422,inf,inf,0.9139370505220261,0.914573480204425,0.9146860587731498
rank_greedy,3,0.12,2,3,10,0.0,0.6494608639532424,inf,inf,0.915269222893095,0.916834908877051,0.9166660940739241
random,3,0.12,2,3,10,0.0,0.45736678834160843,inf,inf,0.9373586558273481,0.9377150347161349,0.9378460119308327
tree_first,3,0.12,3,2,10,0.0,0.5723036871568574,inf,inf,0.8080401347362568,0.8084423540856243,0.8084492895855445
chord_first,3,0.12,3,3,10,0.0,0.6528340996352422,inf,inf,0.9139370505220261,0.9168414541580721,0.9164375555567914
rank_greedy,3,0.12,3,3,10,0.0,0.6494608639532424,inf,inf,0.915269222893095,0.9161525666692591,0.9161380316104811
random,3,0.12,3,3,10,0.0,0.6030165624769641,inf,inf,0.7926297812218569,0.7936359039498789,0.7934561735627923
tree_first,3,0.12,4,2,10,0.0,0.5723036871568574,inf,inf,0.8080401347362568,0.8093941656537755,0.8086196091049224
chord_first,3,0.12,4,3,10,0.0,0.6528340996352422,inf,inf,0.9139370505220261,0.9160275025474237,0.915968980205329
rank_greedy,3,0.12,4,3,10,0.0,0.6494608639532424,inf,inf,0.915269222893095,0.9161576460079682,0.9164173800135383
random,3,0.12,4,3,10,0.0,0.5537727939985407,inf,inf,0.7356237383937261,0.7366351661134254,0.7362375538923713
tree_first,3,0.12,5,2,10,0.0,0.5723036871568574,inf,inf,0.8080401347362568,0.8089364656050203,0.8083726454179039
chord_first,3,0.12,5,3,10,0.0,0.6528340996352422,inf,inf,0.9139370505220261,0.9173559705403761,0.9176329811325536
rank_greedy,3,0.12,5,3,10,0.0,0.6494608639532424,inf,inf,0.915269222893095,0.915848498230079,0.9160907943679388
random,3,0.12,5,3,10,0.0,0.3921333027979745,inf,inf,0.6607071054834576,0.6628405242594292,0.6628721896730629
tree_first,3,0.12,6,2,10,0.0,0.5723036871568574,inf,inf,0.8080401347362568,0.811914524348246,0.8103665173756865
chord_first,3,0.12,6,3,10,0.0,0.6528340996352422,inf,inf,0.9139370505220261,0.9141763908272953,0.914142474530712
rank_greedy,3,0.12,6,3,10,0.0,0.6494608639532424,inf,inf,0.915269222893095,0.9167837830295247,0.9165492839032883
random,3,0.12,6,3,10,0.0,0.514517719997117,inf,inf,0.7767606788168474,0.7781762251776887,0.7775337079604272
tree_first,3,0.12,7,2,10,0.0,0.5723036871568574,inf,inf,0.8080401347362568,0.8084158921152192,0.8090621845836344
chord_first,3,0.12,7,3,10,0.0,0.6528340996352422,inf,inf,0.9139370505220261,0.9141404636437318,0.9141384224845884
rank_greedy,3,0.12,7,3,10,0.0,0.6494608639532424,inf,inf,0.915269222893095,0.9155557630872306,0.9156242194758025
random,3,0.12,7,3,10,0.0,0.5160849333871382,inf,inf,0.7234838820879375,0.7275432162979943,0.7272308939876744
tree_first,4,0.16,0,3,10,0.0,0.34855984454130523,inf,inf,0.7402808092287179,0.7442561256470792,0.7472872263874232
chord_first,4,0.16,0,4,10,0.0,0.4673665929118763,inf,inf,0.9137043494047297,0.9149272721067111,0.9150506774640839
rank_greedy,4,0.16,0,4,10,0.0,0.6016556550088288,inf,inf,0.9141440202842382,0.9187357145906371,0.9181153626231149
random,4,0.16,0,4,10,0.0,0.437851303437815,inf,inf,0.7048443812182589,0.7096253362002021,0.7077168507549205
tree_first,4,0.16,1,3,10,0.0,0.34855984454130523,inf,inf,0.7402808092287179,0.7455819233953873,0.7502027892631649
chord_first,4,0.16,1,4,10,0.0,0.4673665929118763,inf,inf,0.9137043494047297,0.918622005417013,0.9186810510722364
rank_greedy,4,0.16,1,4,10,0.0,0.6016556550088288,inf,inf,0.9141440202842382,0.9182979689103201,0.9184592164883008
random,4,0.16,1,4,10,0.0,0.4910154086524289,inf,inf,0.9053233874125216,0.9059715404637834,0.9062202458703387
tree_first,4,0.16,2,3,10,0.0,0.34855984454130523,inf,inf,0.7402808092287179,0.7434388076263465,0.747606048091546
chord_first,4,0.16,2,4,10,0.0,0.4673665929118763,inf,inf,0.9137043494047297,0.9150896850415211,0.9150889228687403
rank_greedy,4,0.16,2,4,10,0.0,0.6016556550088288,inf,inf,0.9141440202842382,0.916879283248907,0.9165997337182561
random,4,0.16,2,3,10,0.0,0.5277739015089635,inf,inf,0.8530172685066117,0.856300565881586,0.8558374740804446
tree_first,4,0.16,3,3,10,0.0,0.34855984454130523,inf,inf,0.7402808092287179,0.7425205498029127,0.7430012922551137
chord_first,4,0.16,3,4,10,0.0,0.4673665929118763,inf,inf,0.9137043494047297,0.9140840678205553,0.9141419832824955
rank_greedy,4,0.16,3,4,10,0.0,0.6016556550088288,inf,inf,0.9141440202842382,0.9151497576706767,0.9151262942051775
random,4,0.16,3,4,10,0.0,0.44120970107460883,inf,inf,0.7574724142014363,0.7618014120256182,0.7618147155070907
tree_first,4,0.16,4,3,10,0.0,0.34855984454130523,inf,inf,0.7402808092287179,0.7405614007240912,0.7426944520799679
chord_first,4,0.16,4,4,10,0.0,0.4673665929118763,inf,inf,0.9137043494047297,0.9160385636274246,0.9158618295137544
rank_greedy,4,0.16,4,4,10,0.0,0.6016556550088288,inf,inf,0.9141440202842382,0.9144866997094733,0.9144096726160846
random,4,0.16,4,4,10,0.0,0.528340162169866,inf,inf,0.4870110690195277,0.4901833127633112,0.491677480454264
tree_first,4,0.16,5,3,10,0.0,0.34855984454130523,inf,inf,0.7402808092287179,0.743265633011319,0.7407128915386467
chord_first,4,0.16,5,4,10,0.0,0.4673665929118763,inf,inf,0.9137043494047297,0.9183622263696964,0.9175099051807222
rank_greedy,4,0.16,5,4,10,0.0,0.6016556550088288,inf,inf,0.9141440202842382,0.9154900466763264,0.9153223404291879
random,4,0.16,5,4,10,0.0,0.4006203449191213,inf,inf,0.5921370109960514,0.5960281026743581,0.5978437808436721
tree_first,4,0.16,6,3,10,0.0,0.34855984454130523,inf,inf,0.7402808092287179,0.7452439601554288,0.7419772315060699
chord_first,4,0.16,6,4,10,0.0,0.4673665929118763,inf,inf,0.9137043494047297,0.9156019004580314,0.9152052392243945
rank_greedy,4,0.16,6,4,10,0.0,0.6016556550088288,inf,inf,0.9141440202842382,0.915972810212926,0.9160893498779659
random,4,0.16,6,4,10,0.0,0.4815692090980584,inf,inf,0.6766853638744138,0.6799201297823348,0.6788860145761504
tree_first,4,0.16,7,3,10,0.0,0.34855984454130523,inf,inf,0.7402808092287179,0.7411614546135913,0.7427718191927538
chord_first,4,0.16,7,4,10,0.0,0.4673665929118763,inf,inf,0.9137043494047297,0.914769122066601,0.9148899223131934
rank_greedy,4,0.16,7,4,10,0.0,0.6016556550088288,inf,inf,0.9141440202842382,0.9147695185190619,0.9145511259844604
random,4,0.16,7,4,10,0.0,0.30499370565792716,inf,inf,0.6151937723063106,0.6235950743420322,0.6221978107024771
tree_first,5,0.2,0,3,10,0.0,0.6932045528515588,inf,inf,0.7402808092287146,0.7414574685737462,0.7412235550369572
chord_first,5,0.2,0,5,10,0.0,0.45698288648846014,inf,inf,0.9053995558300615,0.9104874936951528,0.9104966655526059
rank_greedy,5,0.2,0,5,10,0.0,0.5370740074513924,inf,inf,0.7005023966230501,0.7042304453072137,0.7049230142864669
random,5,0.2,0,4,10,0.0,0.5005985945365866,inf,inf,0.6774750159519636,0.6785628162046096,0.6795005711928508
tree_first,5,0.2,1,3,10,0.0,0.6932045528515588,inf,inf,0.7402808092287146,0.7409720945296433,0.7415436132370551
chord_first,5,0.2,1,5,10,0.0,0.45698288648846014,inf,inf,0.9053995558300615,0.9071833997815284,0.9072399012948582
rank_greedy,5,0.2,1,5,10,0.0,0.5370740074513924,inf,inf,0.7005023966230501,0.7031155886077731,0.704715368722886
random,5,0.2,1,4,10,0.0,0.4261308356257342,inf,inf,0.8465894628871554,0.8496426053938602,0.8498356907335933
tree_first,5,0.2,2,3,10,0.0,0.6932045528515588,inf,inf,0.7402808092287146,0.7417772251997269,0.7421012607076123
chord_first,5,0.2,2,5,10,0.0,0.45698288648846014,inf,inf,0.9053995558300615,0.906393797776531,0.9064822111203158
rank_greedy,5,0.2,2,5,10,0.0,0.5370740074513924,inf,inf,0.7005023966230501,0.7069096301829594,0.7074939668465167
random,5,0.2,2,4,10,0.0,0.5366858967336101,inf,inf,0.9004833645756121,0.9024730966306247,0.9019981358450458
tree_first,5,0.2,3,3,10,0.0,0.6932045528515588,inf,inf,0.7402808092287146,0.7416096281389779,0.7409615213441608
chord_first,5,0.2,3,5,10,0.0,0.45698288648846014,inf,inf,0.9053995558300615,0.9087197163613541,0.9084827476397178
rank_greedy,5,0.2,3,5,10,0.0,0.5370740074513924,inf,inf,0.7005023966230501,0.7025784276830629,0.7030067239169594
random,5,0.2,3,5,10,0.0,0.418653125649337,inf,inf,0.8051339661169469,0.8076055931746519,0.8080592085944918
tree_first,5,0.2,4,3,10,0.0,0.6932045528515588,inf,inf,0.7402808092287146,0.7414787026121522,0.74117870607042
chord_first,5,0.2,4,5,10,0.0,0.45698288648846014,inf,inf,0.9053995558300615,0.9074431769954409,0.9070683797518377
rank_greedy,5,0.2,4,5,10,0.0,0.5370740074513924,inf,inf,0.7005023966230501,0.7040578514117851,0.7046413554539684
random,5,0.2,4,4,10,0.0,0.39942536342985624,inf,inf,0.8885481142046293,0.893701884418952,0.8947171208995784
tree_first,5,0.2,5,3,10,0.0,0.6932045528515588,inf,inf,0.7402808092287146,0.7404530501754656,0.7404022835387409
chord_first,5,0.2,5,5,10,0.0,0.45698288648846014,inf,inf,0.9053995558300615,0.9089008125600835,0.908576280829165
rank_greedy,5,0.2,5,5,10,0.0,0.5370740074513924,inf,inf,0.7005023966230501,0.7028679881772065,0.703922203569674
random,5,0.2,5,5,10,0.0,0.3550734110075197,inf,inf,0.678708442663509,0.6801930552896233,0.6812447467968862
tree_first,5,0.2,6,3,10,0.0,0.6932045528515588,inf,inf,0.7402808092287146,0.7422434094833559,0.7415606063678681
chord_first,5,0.2,6,5,10,0.0,0.45698288648846014,inf,inf,0.9053995558300615,0.906866468888211,0.9070927534637099
rank_greedy,5,0.2,6,5,10,0.0,0.5370740074513924,inf,inf,0.7005023966230501,0.7010406530350657,0.7015124677049981
random,5,0.2,6,5,10,0.0,0.3485345113711367,inf,inf,0.7140234975230061,0.7188919948341557,0.723616517737414
tree_first,5,0.2,7,3,10,0.0,0.6932045528515588,inf,inf,0.7402808092287146,0.7429921262362865,0.7438752262657609
chord_first,5,0.2,7,5,10,0.0,0.45698288648846014,inf,inf,0.9053995558300615,0.9073727073038381,0.9075456637302676
rank_greedy,5,0.2,7,5,10,0.0,0.5370740074513924,inf,inf,0.7005023966230501,0.7027030511887946,0.7027145136359131
random,5,0.2,7,4,10,0.0,0.27855136239907374,inf,inf,0.7997619874691083,0.8027909106444133,0.8038871531516163
tree_first,6,0.24,0,4,10,0.0,0.5588061751165548,inf,inf,0.7377649672047789,0.7394849493604537,0.7403014962661166
chord_first,6,0.24,0,6,10,0.0,0.39166536464801177,inf,inf,0.832096047326185,0.8356466984149492,0.8346861643436763
rank_greedy,6,0.24,0,6,10,0.0,0.4763518233818875,inf,inf,0.6916972052590076,0.6957676461258537,0.695481769094825
random,6,0.24,0,5,10,0.0,0.5032740850245019,inf,inf,0.5143964655497996,0.5191419405401252,0.5190724309754953
tree_first,6,0.24,1,4,10,0.0,0.5588061751165548,inf,inf,0.7377649672047789,0.739808410564198,0.7399611846585336
chord_first,6,0.24,1,6,10,0.0,0.39166536464801177,inf,inf,0.832096047326185,0.8411049323340282,0.8390385233651514
rank_greedy,6,0.24,1,6,10,0.0,0.4763518233818875,inf,inf,0.6916972052590076,0.697657819327648,0.6978252981766598
random,6,0.24,1,5,10,0.0,0.4050863810742933,inf,inf,0.805274520688358,0.807562396180765,0.8068229181898167
tree_first,6,0.24,2,4,10,0.0,0.5588061751165548,inf,inf,0.7377649672047789,0.7404493589152181,0.7402720275422289
chord_first,6,0.24,2,6,10,0.0,0.39166536464801177,inf,inf,0.832096047326185,0.8380964521174266,0.8394896489065796
rank_greedy,6,0.24,2,6,10,0.0,0.4763518233818875,inf,inf,0.6916972052590076,0.69573294380379,0.6958628513676418
random,6,0.24,2,6,10,0.0,0.38088850011339537,inf,inf,0.6223234008693842,0.6277148261480332,0.6283040915591287
tree_first,6,0.24,3,4,10,0.0,0.5588061751165548,inf,inf,0.7377649672047789,0.7402269478153956,0.7405185126016955
chord_first,6,0.24,3,6,10,0.0,0.39166536464801177,inf,inf,0.832096047326185,0.8336418626875582,0.8348001299037546
rank_greedy,6,0.24,3,6,10,0.0,0.4763518233818875,inf,inf,0.6916972052590076,0.6945701900804618,0.6950747637025376
random,6,0.24,3,6,10,0.0,0.37979719813699425,inf,inf,0.7430502417261243,0.7444253531801732,0.7458153056616323
tree_first,6,0.24,4,4,10,0.0,0.5588061751165548,inf,inf,0.7377649672047789,0.7394584283667405,0.7399529263764043
chord_first,6,0.24,4,6,10,0.0,0.39166536464801177,inf,inf,0.832096047326185,0.8344310306361153,0.8353449027635558
rank_greedy,6,0.24,4,6,10,0.0,0.4763518233818875,inf,inf,0.6916972052590076,0.6937769153259992,0.6947790081402196
random,6,0.24,4,5,10,0.0,0.33031326479426903,inf,inf,0.4920567255467933,0.49506440810786173,0.4938933784716825
tree_first,6,0.24,5,4,10,0.0,0.5588061751165548,inf,inf,0.7377649672047789,0.7412364251796532,0.740793580768783
chord_first,6,0.24,5,6,10,0.0,0.39166536464801177,inf,inf,0.832096047326185,0.8382670338113087,0.8368630896837406
rank_greedy,6,0.24,5,6,10,0.0,0.4763518233818875,inf,inf,0.6916972052590076,0.6967007066739932,0.6987633702490361
random,6,0.24,5,5,10,0.0,0.5209243586754433,inf,inf,0.8987089627944864,0.899711328765194,0.9000442997909507
tree_first,6,0.24,6,4,10,0.0,0.5588061751165548,inf,inf,0.7377649672047789,0.7389185070330732,0.7386431390892979
chord_first,6,0.24,6,6,10,0.0,0.39166536464801177,inf,inf,0.832096047326185,0.8414264979150285,0.84230963877987
rank_greedy,6,0.24,6,6,10,0.0,0.4763518233818875,inf,inf,0.6916972052590076,0.6947291484298291,0.6957751156439775
random,6,0.24,6,5,10,0.0,0.33177638504500745,inf,inf,0.6527793465180278,0.6580734761837024,0.6635617123819918
tree_first,6,0.24,7,4,10,0.0,0.5588061751165548,inf,inf,0.7377649672047789,0.741182101037776,0.7420606637855343
chord_first,6,0.24,7,6,10,0.0,0.39166536464801177,inf,inf,0.832096047326185,0.832801050671047,0.8332276729823763
rank_greedy,6,0.24,7,6,10,0.0,0.4763518233818875,inf,inf,0.6916972052590076,0.6991538148434288,0.6984100310012674
random,6,0.24,7,6,10,0.0,0.4172266098514896,inf,inf,0.5923874618842992,0.5937958583143679,0.5936239663966163
tree_first,7,0.28,0,5,10,0.0,0.3580690976763494,inf,inf,0.6852012602772961,0.6892050993752138,0.689980501080505
chord_first,7,0.28,0,7,10,0.0,0.33072208958716354,inf,inf,0.6379060465610205,0.6464174171374156,0.6467808687590448
rank_greedy,7,0.28,0,7,10,0.0,0.44280818127290056,inf,inf,0.6642467402326976,0.6684605415062939,0.6687772919388807
random,7,0.28,0,5,10,0.0,0.38395288770065394,inf,inf,0.6138743202752842,0.6191789202279406,0.6189747144428948
tree_first,7,0.28,1,5,10,0.0,0.3580690976763494,inf,inf,0.6852012602772961,0.686130795969543,0.6864424144228434
chord_first,7,0.28,1,7,10,0.0,0.33072208958716354,inf,inf,0.6379060465610205,0.6402869203726762,0.6390253910417325
rank_greedy,7,0.28,1,7,10,0.0,0.44280818127290056,inf,inf,0.6642467402326976,0.6670639311092013,0.6685108966717395
random,7,0.28,1,6,10,0.0,0.34358801215208756,inf,inf,0.3896314783651693,0.3998461121978994,0.4031810123949883
tree_first,7,0.28,2,5,10,0.0,0.3580690976763494,inf,inf,0.6852012602772961,0.6891134467241257,0.6893713285155989
chord_first,7,0.28,2,7,10,0.0,0.33072208958716354,inf,inf,0.6379060465610205,0.6427332027941937,0.6443138082844034
rank_greedy,7,0.28,2,7,10,0.0,0.44280818127290056,inf,inf,0.6642467402326976,0.6712620111488444,0.6722499812214581
random,7,0.28,2,5,10,0.0,0.4851259194896291,inf,inf,0.48579605118956126,0.48890397729778334,0.4880845303887527
tree_first,7,0.28,3,5,10,0.0,0.3580690976763494,inf,inf,0.6852012602772961,0.690119230866767,0.688719482674547
chord_first,7,0.28,3,7,10,0.0,0.33072208958716354,inf,inf,0.6379060465610205,0.6481931169768599,0.6472250607420263
rank_greedy,7,0.28,3,7,10,0.0,0.44280818127290056,inf,inf,0.6642467402326976,0.6682709280047004,0.6694838444986566
random,7,0.28,3,6,10,0.0,0.44412013483998186,inf,inf,0.9477493325077414,0.9490823258915245,0.9489667143878993
tree_first,7,0.28,4,5,10,0.0,0.3580690976763494,inf,inf,0.6852012602772961,0.6862583873767176,0.6858667891547312
chord_first,7,0.28,4,7,10,0.0,0.33072208958716354,inf,inf,0.6379060465610205,0.6443957717695088,0.6435768498677017
rank_greedy,7,0.28,4,7,10,0.0,0.44280818127290056,inf,inf,0.6642467402326976,0.665975815563147,0.6650592803448987
random,7,0.28,4,6,10,0.0,0.31315924534460526,inf,inf,0.2967560587015192,0.3073326203799406,0.3232970224508481
tree_first,7,0.28,5,5,10,0.0,0.3580690976763494,inf,inf,0.6852012602772961,0.6885551986869319,0.6883925701837144
chord_first,7,0.28,5,7,10,0.0,0.33072208958716354,inf,inf,0.6379060465610205,0.642399209349994,0.642419541545969
rank_greedy,7,0.28,5,7,10,0.0,0.44280818127290056,inf,inf,0.6642467402326976,0.6660388551566875,0.6671506487765027
random,7,0.28,5,6,10,0.0,0.42335881311717666,inf,inf,0.7324519299293858,0.7359335545374421,0.7361139725170823
tree_first,7,0.28,6,5,10,0.0,0.3580690976763494,inf,inf,0.6852012602772961,0.6884794105507357,0.689454946601826
chord_first,7,0.28,6,7,10,0.0,0.33072208958716354,inf,inf,0.6379060465610205,0.6443559403638158,0.6430635588968183
rank_greedy,7,0.28,6,7,10,0.0,0.44280818127290056,inf,inf,0.6642467402326976,0.676826267666162,0.6750274849423042
random,7,0.28,6,7,10,0.0,0.333688802033777,inf,inf,0.5110649016564642,0.5229765749530222,0.5205829713142094
tree_first,7,0.28,7,5,10,0.0,0.3580690976763494,inf,inf,0.6852012602772961,0.6969880089522973,0.6981543675910117
chord_first,7,0.28,7,7,10,0.0,0.33072208958716354,inf,inf,0.6379060465610205,0.6402183302943653,0.6393599950414535
rank_greedy,7,0.28,7,7,10,0.0,0.44280818127290056,inf,inf,0.6642467402326976,0.6706984173825121,0.669095555299663
random,7,0.28,7,5,10,0.0,0.4883825839924433,inf,inf,0.7935322541363473,0.7960338672512096,0.7955989824799812
tree_first,8,0.32,0,6,10,0.0,0.35756084325517806,inf,inf,0.5417912222980591,0.5504082314757409,0.5503974578080466
chord_first,8,0.32,0,8,10,0.0,0.2905409395634646,inf,inf,0.40598845157777985,0.4177724169388811,0.41934401416135386
rank_greedy,8,0.32,0,8,10,0.0,0.3699275055032387,inf,inf,0.26302990085576067,0.280800928710282,0.29056631720120446
random,8,0.32,0,8,10,0.0,0.2680933037641742,inf,inf,0.7002342312031803,0.710174621429795,0.7066364023612512
tree_first,8,0.32,1,6,10,0.0,0.35756084325517806,inf,inf,0.5417912222980591,0.5611133072181482,0.5596334062037578
chord_first,8,0.32,1,8,10,0.0,0.2905409395634646,inf,inf,0.40598845157777985,0.41194670984637766,0.41304799267368064
rank_greedy,8,0.32,1,8,10,0.0,0.3699275055032387,inf,inf,0.26302990085576067,0.27093974684789357,0.272117198582958
random,8,0.32,1,7,10,0.0,0.2878610450251312,inf,inf,0.554422838632798,0.5577084820342181,0.561595069713978
tree_first,8,0.32,2,6,10,0.0,0.35756084325517806,inf,inf,0.5417912222980591,0.5445958010493898,0.544533959273744
chord_first,8,0.32,2,8,10,0.0,0.2905409395634646,inf,inf,0.40598845157777985,0.41939904546794265,0.41492048285005334
rank_greedy,8,0.32,2,8,10,0.0,0.3699275055032387,inf,inf,0.26302990085576067,0.27581678405619703,0.27261089227577356
random,8,0.32,2,7,10,0.0,0.4484101945685138,inf,inf,0.44380360191232865,0.45255607446394286,0.4514519085372692
tree_first,8,0.32,3,6,10,0.0,0.35756084325517806,inf,inf,0.5417912222980591,0.5494283220549919,0.5479731189865953
chord_first,8,0.32,3,8,10,0.0,0.2905409395634646,inf,inf,0.40598845157777985,0.4328790370046018,0.4410882283455997
rank_greedy,8,0.32,3,8,10,0.0,0.3699275055032387,inf,inf,0.26302990085576067,0.270100263281706,0.27426169002106904
random,8,0.32,3,7,10,0.0,0.35550564577547483,inf,inf,0.6379060465610208,0.6476138847233853,0.6471800478719867
tree_first,8,0.32,4,6,10,0.0,0.35756084325517806,inf,inf,0.5417912222980591,0.54739875005333,0.5465956980894954
chord_first,8,0.32,4,8,10,0.0,0.2905409395634646,inf,inf,0.40598845157777985,0.41216035545985547,0.4157250527458059
rank_greedy,8,0.32,4,8,10,0.0,0.3699275055032387,inf,inf,0.26302990085576067,0.279189547160633,0.28189513150023365
random,8,0.32,4,7,10,0.0,0.33945804092166465,inf,inf,0.4730778297769647,0.47841544592641144,0.4780488655236366
tree_first,8,0.32,5,6,10,0.0,0.35756084325517806,inf,inf,0.5417912222980591,0.5449848036636152,0.5463260900608716
chord_first,8,0.32,5,8,10,0.0,0.2905409395634646,inf,inf,0.40598845157777985,0.4148627007088964,0.41875316590561934
rank_greedy,8,0.32,5,8,10,0.0,0.3699275055032387,inf,inf,0.26302990085576067,0.2870971974362791,0.2782141801677196
random,8,0.32,5,7,10,0.0,0.33149699307303127,inf,inf,0.6545404446022406,0.6570489535403504,0.6564849337927199
tree_first,8,0.32,6,6,10,0.0,0.35756084325517806,inf,inf,0.5417912222980591,0.545454756952819,0.546414190757052
chord_first,8,0.32,6,8,10,0.0,0.2905409395634646,inf,inf,0.40598845157777985,0.4126773173075706,0.41239502001694306
rank_greedy,8,0.32,6,8,10,0.0,0.3699275055032387,inf,inf,0.26302990085576067,0.27795036260315326,0.2735781484817589
random,8,0.32,6,7,10,0.0,0.2981225004920842,inf,inf,0.16707372843461854,0.22214242556112587,0.23358011761134934
tree_first,8,0.32,7,6,10,0.0,0.35756084325517806,inf,inf,0.5417912222980591,0.5447075346777616,0.545859299893862
chord_first,8,0.32,7,8,10,0.0,0.2905409395634646,inf,inf,0.40598845157777985,0.4110647412786476,0.41184680291539394
rank_greedy,8,0.32,7,8,10,0.0,0.3699275055032387,inf,inf,0.26302990085576067,0.28323393543445524,0.2707807067642441
random,8,0.32,7,8,10,0.0,0.27523265699200566,inf,inf,0.24139387385097064,0.25115130770202704,0.24947037274249798
tree_first,9,0.36,0,7,10,0.0,0.35746489203870674,inf,inf,0.4730195257255019,0.48202290024996775,0.48228973298372674
chord_first,9,0.36,0,9,10,0.0,0.2900113728174373,inf,inf,0.33282062747481445,0.33859440356089027,0.3413868584438985
rank_greedy,9,0.36,0,9,10,0.0,0.292019042823778,inf,inf,0.26117315677529873,0.28372977406063604,0.29512018520739014
random,9,0.36,0,8,10,0.0,0.29933487599541697,inf,inf,0.5520122497949199,0.5690730039819287,0.5683428439370303
tree_first,9,0.36,1,7,10,0.0,0.35746489203870674,inf,inf,0.4730195257255019,0.4807044635096765,0.48214189746743263
chord_first,9,0.36,1,9,10,0.0,0.2900113728174373,inf,inf,0.33282062747481445,0.35631415943699424,0.3588882474302966
rank_greedy,9,0.36,1,9,10,0.0,0.292019042823778,inf,inf,0.26117315677529873,0.28656565719947125,0.2998998456372363
random,9,0.36,1,8,10,0.0,0.32075261779694164,inf,inf,0.4898163754966963,0.5002690756360446,0.505700894615795
tree_first,9,0.36,2,7,10,0.0,0.35746489203870674,inf,inf,0.4730195257255019,0.4852935589910669,0.48845605558193306
chord_first,9,0.36,2,9,10,0.0,0.2900113728174373,inf,inf,0.33282062747481445,0.34521827520884374,0.3375658031743826
rank_greedy,9,0.36,2,9,10,0.0,0.292019042823778,inf,inf,0.26117315677529873,0.27460390960849884,0.27845157097556894
random,9,0.36,2,9,10,0.0,0.2577300378975555,inf,inf,0.22188840470346866,0.2502974440704549,0.24009486122654394
tree_first,9,0.36,3,7,10,0.0,0.35746489203870674,inf,inf,0.4730195257255019,0.4814828738245972,0.4801275930131667
chord_first,9,0.36,3,9,10,0.0,0.2900113728174373,inf,inf,0.33282062747481445,0.3408825330499455,0.34250273468383424
rank_greedy,9,0.36,3,9,10,0.0,0.292019042823778,inf,inf,0.26117315677529873,0.28181752585840397,0.2875767771033422
random,9,0.36,3,6,10,0.0,0.5195503430001115,inf,inf,0.7107034971851108,0.7129769502715892,0.7129017193854487
tree_first,9,0.36,4,7,10,0.0,0.35746489203870674,inf,inf,0.4730195257255019,0.48412874859013827,0.4863836339224537
chord_first,9,0.36,4,9,10,0.0,0.2900113728174373,inf,inf,0.33282062747481445,0.34974985804325925,0.34778670714286697
rank_greedy,9,0.36,4,9,10,0.0,0.292019042823778,inf,inf,0.26117315677529873,0.2988232161013397,0.31237470827415126
random,9,0.36,4,8,10,0.0,0.23335010434253003,inf,inf,0.5509797683591093,0.5565763390573981,0.5619363300167809
tree_first,9,0.36,5,7,10,0.0,0.35746489203870674,inf,inf,0.4730195257255019,0.48278013208181564,0.48126978528211184
chord_first,9,0.36,5,9,10,0.0,0.2900113728174373,inf,inf,0.33282062747481445,0.3411813411912333,0.3442399509683594
rank_greedy,9,0.36,5,9,10,0.0,0.292019042823778,inf,inf,0.26117315677529873,0.2829793369086553,0.283257635175387
random,9,0.36,5,8,10,0.0,0.3112805264166041,inf,inf,0.2796496173704321,0.28670096756004987,0.29698904097254303
tree_first,9,0.36,6,7,10,0.0,0.35746489203870674,inf,inf,0.4730195257255019,0.4923497783953138,0.49434334725260376
chord_first,9,0.36,6,9,10,0.0,0.2900113728174373,inf,inf,0.33282062747481445,0.38227499260927744,0.3777792051247358
rank_greedy,9,0.36,6,9,10,0.0,0.292019042823778,inf,inf,0.26117315677529873,0.28659207018962657,0.2782132866262097
random,9,0.36,6,7,10,0.0,0.23437563191686503,inf,inf,0.4672097921796842,0.4806720900388126,0.4903259704064161
tree_first,9,0.36,7,7,10,0.0,0.35746489203870674,inf,inf,0.4730195257255019,0.49161557410615586,0.4957293607361218
chord_first,9,0.36,7,9,10,0.0,0.2900113728174373,inf,inf,0.33282062747481445,0.3510011659219301,0.3605774637924945
rank_greedy,9,0.36,7,9,10,0.0,0.292019042823778,inf,inf,0.26117315677529873,0.31894641906262927,0.3053022887309287
random,9,0.36,7,8,10,0.0,0.3363206002991123,inf,inf,0.7199857525168353,0.7299409211821738,0.7285682402705902
tree_first,10,0.4,0,8,10,5.1469143861834057e-17,0.2911271690087658,inf,inf,0.23781696713925718,0.24836540710464391,0.24674212350896424
chord_first,10,0.4,0,10,10,0.25011296961901847,0.25011296961901847,3.783538711103136,3.998193302503416,1.5168161783830456e-14,0.07911299661340733,0.07333532157077545
rank_greedy,10,0.4,0,10,10,0.21314678356211447,0.21314678356211447,4.69160258150733,4.691602581507328,7.945466810267229e-15,0.07761728800815258,0.10949215183152188
random,10,0.4,0,7,10,1.73201642555414e-17,0.3965093629754141,inf,inf,0.3865184958650752,0.3932878444661843,0.3943222503084236
tree_first,10,0.4,1,8,10,5.1469143861834057e-17,0.2911271690087658,inf,inf,0.23781696713925718,0.25498968817417467,0.26428004016576073
chord_first,10,0.4,1,10,10,0.25011296961901847,0.25011296961901847,3.783538711103136,3.998193302503416,1.5168161783830456e-14,0.15538859366987587,0.1351285707810069
rank_greedy,10,0.4,1,10,10,0.21314678356211447,0.21314678356211447,4.69160258150733,4.691602581507328,7.945466810267229e-15,0.0971666469869779,0.08886962094903966
random,10,0.4,1,9,10,2.2637000237463046e-17,0.253481169325117,inf,inf,0.11715659388964046,0.18439384095138064,0.22167375133016545
tree_first,10,0.4,2,8,10,5.1469143861834057e-17,0.2911271690087658,inf,inf,0.23781696713925718,0.2467885610016186,0.25084943928247283
chord_first,10,0.4,2,10,10,0.25011296961901847,0.25011296961901847,3.783538711103136,3.998193302503416,1.5168161783830456e-14,0.09251895451185906,0.07306085522443553
rank_greedy,10,0.4,2,10,10,0.21314678356211447,0.21314678356211447,4.69160258150733,4.691602581507328,7.945466810267229e-15,0.0937806060883307,0.09543308421575564
random,10,0.4,2,9,10,1.7471020784713992e-18,0.2790292797901389,inf,inf,0.3745237184352539,0.3896734676881175,0.38662066306383147
tree_first,10,0.4,3,8,10,5.1469143861834057e-17,0.2911271690087658,inf,inf,0.23781696713925718,0.26986750934516873,0.2848939241710879
chord_first,10,0.4,3,10,10,0.25011296961901847,0.25011296961901847,3.783538711103136,3.998193302503416,1.5168161783830456e-14,0.10270361586633316,0.09791382340491096
rank_greedy,10,0.4,3,10,10,0.21314678356211447,0.21314678356211447,4.69160258150733,4.691602581507328,7.945466810267229e-15,0.14098755141580865,0.1476179041401761
random,10,0.4,3,9,10,5.191059241753923e-17,0.2085752126482465,inf,inf,0.5057019338091382,0.5138547438547117,0.5121966132537291
tree_first,10,0.4,4,8,10,5.1469143861834057e-17,0.2911271690087658,inf,inf,0.23781696713925718,0.24623332655659125,0.2543178623351455
chord_first,10,0.4,4,10,10,0.25011296961901847,0.25011296961901847,3.783538711103136,3.998193302503416,1.5168161783830456e-14,0.12322106811849699,0.14262089617556217
rank_greedy,10,0.4,4,10,10,0.21314678356211447,0.21314678356211447,4.69160258150733,4.691602581507328,7.945466810267229e-15,0.10539885641102359,0.1049220984237767
random,10,0.4,4,8,10,4.392677474530589e-19,0.2771648090941707,inf,inf,0.47635180961365103,0.48881972900485443,0.4867558764813693
tree_first,10,0.4,5,8,10,5.1469143861834057e-17,0.2911271690087658,inf,inf,0.23781696713925718,0.28561364397876804,0.2967615376628919
chord_first,10,0.4,5,10,10,0.25011296961901847,0.25011296961901847,3.783538711103136,3.998193302503416,1.5168161783830456e-14,0.13154550775679266,0.13007911121708832
rank_greedy,10,0.4,5,10,10,0.21314678356211447,0.21314678356211447,4.69160258150733,4.691602581507328,7.945466810267229e-15,0.12919444357767854,0.17003979541255101
random,10,0.4,5,9,10,4.7209034222086064e-17,0.17753322185877715,inf,inf,0.44227956680982883,0.49944307746365657,0.4744326125679879
tree_first,10,0.4,6,8,10,5.1469143861834057e-17,0.2911271690087658,inf,inf,0.23781696713925718,0.2554508779569214,0.26025829223920305
chord_first,10,0.4,6,10,10,0.25011296961901847,0.25011296961901847,3.783538711103136,3.998193302503416,1.5168161783830456e-14,0.14893264236946824,0.126920476275018
rank_greedy,10,0.4,6,10,10,0.21314678356211447,0.21314678356211447,4.69160258150733,4.691602581507328,7.945466810267229e-15,0.2628238160222067,0.1854678009684466
random,10,0.4,6,9,10,8.344783881438513e-17,0.23018002783740335,inf,inf,0.22638406990776752,0.3381803683004468,0.2736374824876821
tree_first,10,0.4,7,8,10,5.1469143861834057e-17,0.2911271690087658,inf,inf,0.23781696713925718,0.29222276662030766,0.2940576356306561
chord_first,10,0.4,7,10,10,0.25011296961901847,0.25011296961901847,3.783538711103136,3.998193302503416,1.5168161783830456e-14,0.13487649362229867,0.15681805777372015
rank_greedy,10,0.4,7,10,10,0.21314678356211447,0.21314678356211447,4.69160258150733,4.691602581507328,7.945466810267229e-15,0.1598903850930069,0.18783408957957146
random,10,0.4,7,9,10,1.0664710250187618e-16,0.22346804550567956,inf,inf,0.41636833193131295,0.43982229791894994,0.4413598541121822
tree_first,11,0.44,0,8,10,1.4228944724292082e-17,0.3020125463829029,inf,inf,0.23781696713925674,0.26479503440326857,0.2846041050093753
chord_first,11,0.44,0,10,10,0.3195364755104405,0.3195364755104405,2.9686734390872935,3.1295331727076214,7.505715288315958e-15,0.111576173080401,0.09651007873909231
rank_greedy,11,0.44,0,10,10,0.29029775358156634,0.29029775358156634,3.4447390228220476,3.4447390228220462,7.440358211905305e-15,0.18418338826913583,0.1824787663179273
random,11,0.44,0,10,10,0.16858685982804494,0.16858685982804494,5.684608852476311,5.9316603976133075,9.140143256845144e-15,0.10309501302322298,0.09980054850833332
tree_first,11,0.44,1,8,10,1.4228944724292082e-17,0.3020125463829029,inf,inf,0.23781696713925674,0.2607498334674603,0.27000707650335654
chord_first,11,0.44,1,10,10,0.3195364755104405,0.3195364755104405,2.9686734390872935,3.1295331727076214,7.505715288315958e-15,0.06771471461080587,0.0733965402844547
rank_greedy,11,0.44,1,10,10,0.29029775358156634,0.29029775358156634,3.4447390228220476,3.4447390228220462,7.440358211905305e-15,0.09975882480332705,0.09712480479428257
random,11,0.44,1,7,10,8.455459770224224e-18,0.39805717212893443,inf,inf,0.662973427905203,0.6670397667817737,0.6683956805520397
tree_first,11,0.44,2,8,10,1.4228944724292082e-17,0.3020125463829029,inf,inf,0.23781696713925674,0.24676800411894406,0.252857908305665
chord_first,11,0.44,2,10,10,0.3195364755104405,0.3195364755104405,2.9686734390872935,3.1295331727076214,7.505715288315958e-15,0.1061325143602495,0.12761949082048699
rank_greedy,11,0.44,2,10,10,0.29029775358156634,0.29029775358156634,3.4447390228220476,3.4447390228220462,7.440358211905305e-15,0.06709762277174063,0.07563255996227446
random,11,0.44,2,9,10,2.2501404894916874e-18,0.27134660207201744,inf,inf,0.15902533627999074,0.21034523886051498,0.23777442404888008
tree_first,11,0.44,3,8,10,1.4228944724292082e-17,0.3020125463829029,inf,inf,0.23781696713925674,0.25004742535539376,0.24635861840381984
chord_first,11,0.44,3,10,10,0.3195364755104405,0.3195364755104405,2.9686734390872935,3.1295331727076214,7.505715288315958e-15,0.09888805889549439,0.08625248976935276
rank_greedy,11,0.44,3,10,10,0.29029775358156634,0.29029775358156634,3.4447390228220476,3.4447390228220462,7.440358211905305e-15,0.1246594073046391,0.11801941047633376
random,11,0.44,3,10,10,0.2495768656836719,0.2495768656836719,3.9225141599568403,4.006781627218036,7.34700100294875e-15,0.08751044166641611,0.06766081255025165
tree_first,11,0.44,4,8,10,1.4228944724292082e-17,0.3020125463829029,inf,inf,0.23781696713925674,0.24795170641660705,0.2473810414052853
chord_first,11,0.44,4,10,10,0.3195364755104405,0.3195364755104405,2.9686734390872935,3.1295331727076214,7.505715288315958e-15,0.12682899253244473,0.15699089580640205
rank_greedy,11,0.44,4,10,10,0.29029775358156634,0.29029775358156634,3.4447390228220476,3.4447390228220462,7.440358211905305e-15,0.11277610333195136,0.12778532436392992
random,11,0.44,4,10,10,0.18785943607602085,0.18785943607602085,5.190838188367911,5.323128935590605,1.1755133448576877e-14,0.17597787668240922,0.159243857505352
tree_first,11,0.44,5,8,10,1.4228944724292082e-17,0.3020125463829029,inf,inf,0.23781696713925674,0.25233846237019814,0.25650064253970783
chord_first,11,0.44,5,10,10,0.3195364755104405,0.3195364755104405,2.9686734390872935,3.1295331727076214,7.505715288315958e-15,0.11764083411703455,0.10806072844107657
rank_greedy,11,0.44,5,10,10,0.29029775358156634,0.29029775358156634,3.4447390228220476,3.4447390228220462,7.440358211905305e-15,0.10280246920292868,0.10169003116323566
random,11,0.44,5,10,10,0.217780477653734,0.217780477653734,4.416928839178309,4.591779808610656,6.226411439066431e-15,0.24796467835576833,0.15786063394004723
tree_first,11,0.44,6,8,10,1.4228944724292082e-17,0.3020125463829029,inf,inf,0.23781696713925674,0.2542696843359564,0.2658094370425903
chord_first,11,0.44,6,10,10,0.3195364755104405,0.3195364755104405,2.9686734390872935,3.1295331727076214,7.505715288315958e-15,0.1260965014730512,0.1296656952035904
rank_greedy,11,0.44,6,10,10,0.29029775358156634,0.29029775358156634,3.4447390228220476,3.4447390228220462,7.440358211905305e-15,0.13641338266609618,0.1286652240092849
random,11,0.44,6,9,10,3.328963136849322e-17,0.3076772167616873,inf,inf,0.31473749989861716,0.3287603007628517,0.32979875545509696
tree_first,11,0.44,7,8,10,1.4228944724292082e-17,0.3020125463829029,inf,inf,0.23781696713925674,0.2649774199638082,0.25853128110939333
chord_first,11,0.44,7,10,10,0.3195364755104405,0.3195364755104405,2.9686734390872935,3.1295331727076214,7.505715288315958e-15,0.06002811485459668,0.0655367953373676
rank_greedy,11,0.44,7,10,10,0.29029775358156634,0.29029775358156634,3.4447390228220476,3.4447390228220462,7.440358211905305e-15,0.1484437526401982,0.15230411845896782
random,11,0.44,7,10,10,0.1896321105054864,0.1896321105054864,5.089375334809598,5.2733685098709495,8.309446408890046e-15,0.2545971198375164,0.301002151784881
tree_first,12,0.48,0,9,10,1.2587980110770187e-16,0.2951894172653399,inf,inf,0.017438505739254064,0.11866679698162465,0.16116177681821728
chord_first,12,0.48,0,10,10,0.38125525175057473,0.38125525175057473,2.5390865093474186,2.6229146888033457,7.556860060039144e-15,0.0920079772361433,0.07915167469551485
rank_greedy,12,0.48,0,10,10,0.3369072035282263,0.3369072035282263,2.968176368826795,2.968176368826793,7.331045672759954e-15,0.138708186659723,0.13057103221756475
random,12,0.48,0,9,10,1.0001598810015335e-16,0.29902045913837555,inf,inf,0.04696849338595749,0.07747860438561632,0.10524603791234691
tree_first,12,0.48,1,9,10,1.2587980110770187e-16,0.2951894172653399,inf,inf,0.017438505739254064,0.12596146417698095,0.1626235473039611
chord_first,12,0.48,1,10,10,0.38125525175057473,0.38125525175057473,2.5390865093474186,2.6229146888033457,7.556860060039144e-15,0.11617793907014153,0.13384692385309463
rank_greedy,12,0.48,1,10,10,0.3369072035282263,0.3369072035282263,2.968176368826795,2.968176368826793,7.331045672759954e-15,0.07992688464641133,0.08435160437102555
random,12,0.48,1,10,10,0.20841185613093943,0.20841185613093943,4.798191516377684,4.798191516377684,7.581693444881506e-15,0.18296415871781252,0.08189476800221336
tree_first,12,0.48,2,9,10,1.2587980110770187e-16,0.2951894172653399,inf,inf,0.017438505739254064,0.1172469833366226,0.07099848815935898
chord_first,12,0.48,2,10,10,0.38125525175057473,0.38125525175057473,2.5390865093474186,2.6229146888033457,7.556860060039144e-15,0.1282575664418765,0.12001339359521411
rank_greedy,12,0.48,2,10,10,0.3369072035282263,0.3369072035282263,2.968176368826795,2.968176368826793,7.331045672759954e-15,0.12062841886754017,0.11281504161773265
random,12,0.48,2,9,10,8.39692764158854e-18,0.359482384560434,inf,inf,0.04640509007612845,0.11529104422655052,0.11626231283949187
tree_first,12,0.48,3,9,10,1.2587980110770187e-16,0.2951894172653399,inf,inf,0.017438505739254064,0.055438273756597226,0.09288573786222433
chord_first,12,0.48,3,10,10,0.38125525175057473,0.38125525175057473,2.5390865093474186,2.6229146888033457,7.556860060039144e-15,0.1406736209312357,0.15172978535272594
rank_greedy,12,0.48,3,10,10,0.3369072035282263,0.3369072035282263,2.968176368826795,2.968176368826793,7.331045672759954e-15,0.14287290908078776,0.1343514461948367
random,12,0.48,3,9,10,1.9382189179738727e-17,0.24305347315428733,inf,inf,0.04640509007612842,0.08973849906168997,0.06828885772387194
tree_first,12,0.48,4,9,10,1.2587980110770187e-16,0.2951894172653399,inf,inf,0.017438505739254064,0.07834160923089538,0.0572875529580892
chord_first,12,0.48,4,10,10,0.38125525175057473,0.38125525175057473,2.5390865093474186,2.6229146888033457,7.556860060039144e-15,0.06772525501300025,0.06071531882212654
rank_greedy,12,0.48,4,10,10,0.3369072035282263,0.3369072035282263,2.968176368826795,2.968176368826793,7.331045672759954e-15,0.09239733790478347,0.08558393442963134
random,12,0.48,4,8,10,2.3362247524098626e-17,0.4556956209359899,inf,inf,0.6146377423689685,0.6222935012404152,0.6216362368898714
tree_first,12,0.48,5,9,10,1.2587980110770187e-16,0.2951894172653399,inf,inf,0.017438505739254064,0.09003604263835255,0.07521740765708032
chord_first,12,0.48,5,10,10,0.38125525175057473,0.38125525175057473,2.5390865093474186,2.6229146888033457,7.556860060039144e-15,0.10176176768036108,0.11581819677931886
rank_greedy,12,0.48,5,10,10,0.3369072035282263,0.3369072035282263,2.968176368826795,2.968176368826793,7.331045672759954e-15,0.12812662258868632,0.11685998475022503
random,12,0.48,5,9,10,9.143721434486911e-17,0.25632748192349897,inf,inf,0.4422795668098286,0.46218649149159824,0.4672007821450518
tree_first,12,0.48,6,9,10,1.2587980110770187e-16,0.2951894172653399,inf,inf,0.017438505739254064,0.1011996434647514,0.06713882347702983
chord_first,12,0.48,6,10,10,0.38125525175057473,0.38125525175057473,2.5390865093474186,2.6229146888033457,7.556860060039144e-15,0.072217514523877,0.06399714731237782
rank_greedy,12,0.48,6,10,10,0.3369072035282263,0.3369072035282263,2.968176368826795,2.968176368826793,7.331045672759954e-15,0.07373221262848904,0.08039930870095963
random,12,0.48,6,9,10,4.9967621051071206e-17,0.23871116214695334,inf,inf,0.11715659388964048,0.1311772615073732,0.1482296278946847
tree_first,12,0.48,7,9,10,1.2587980110770187e-16,0.2951894172653399,inf,inf,0.017438505739254064,0.06581121008992188,0.06922490995823805
chord_first,12,0.48,7,10,10,0.38125525175057473,0.38125525175057473,2.5390865093474186,2.6229146888033457,7.556860060039144e-15,0.0703456669118918,0.0575535192875312
rank_greedy,12,0.48,7,10,10,0.3369072035282263,0.3369072035282263,2.968176368826795,2.968176368826793,7.331045672759954e-15,0.11575345787924866,0.12786286416543727
random,12,0.48,7,9,10,4.3387891379265686e-17,0.3501986698274824,inf,inf,0.22638406990776694,0.23785180985127596,0.24184950829588786
tree_first,13,0.52,0,9,10,7.048595105712081e-17,0.30160296933376,inf,inf,0.017438505739254224,0.10619293115832713,0.14067846954114535
chord_first,13,0.52,0,10,10,0.38125525175057473,0.38125525175057473,2.5390865093474186,2.6229146888033457,7.556860060039144e-15,0.12290470738110122,0.1018243591584933
rank_greedy,13,0.52,0,10,10,0.38233561806031563,0.38233561806031563,2.615503114968076,2.615503114968076,7.417752229561566e-15,0.07171051364966055,0.058788917936608696
random,13,0.52,0,9,10,3.7475175036901724e-17,0.4001680727999779,inf,inf,0.28711883363767055,0.29833051142697264,0.30281316310968814
tree_first,13,0.52,1,9,10,7.048595105712081e-17,0.30160296933376,inf,inf,0.017438505739254224,0.0765862463295069,0.09303733667693054
chord_first,13,0.52,1,10,10,0.38125525175057473,0.38125525175057473,2.5390865093474186,2.6229146888033457,7.556860060039144e-15,0.07773331943859818,0.08461888448989828
rank_greedy,13,0.52,1,10,10,0.38233561806031563,0.38233561806031563,2.615503114968076,2.615503114968076,7.417752229561566e-15,0.0843813289818165,0.06784274881285415
random,13,0.52,1,9,10,2.0083457267692538e-17,0.21825632058688732,inf,inf,0.10704868439041323,0.11664766003494495,0.13963243056568062
tree_first,13,0.52,2,9,10,7.048595105712081e-17,0.30160296933376,inf,inf,0.017438505739254224,0.07785244111714615,0.10585334346181614
chord_first,13,0.52,2,10,10,0.38125525175057473,0.38125525175057473,2.5390865093474186,2.6229146888033457,7.556860060039144e-15,0.11930744024760066,0.1250986106773415
rank_greedy,13,0.52,2,10,10,0.38233561806031563,0.38233561806031563,2.615503114968076,2.615503114968076,7.417752229561566e-15,0.08346558663571892,0.07761248448844542
random,13,0.52,2,8,10,1.6813405061168585e-17,0.3662630905087661,inf,inf,0.47279233424944045,0.47604397956162514,0.476866332654739
tree_first,13,0.52,3,9,10,7.048595105712081e-17,0.30160296933376,inf,inf,0.017438505739254224,0.09347854845422436,0.10530612642647416
chord_first,13,0.52,3,10,10,0.38125525175057473,0.38125525175057473,2.5390865093474186,2.6229146888033457,7.556860060039144e-15,0.07542190657265242,0.08152950708387406
rank_greedy,13,0.52,3,10,10,0.38233561806031563,0.38233561806031563,2.615503114968076,2.615503114968076,7.417752229561566e-15,0.07990236132786911,0.08532893539225121
random,13,0.52,3,9,10,1.144794430253393e-16,0.26100200107412436,inf,inf,0.22638406990776758,0.28419574483923793,0.26162838247239273
tree_first,13,0.52,4,9,10,7.048595105712081e-17,0.30160296933376,inf,inf,0.017438505739254224,0.04925466121452815,0.09256532825794984
chord_first,13,0.52,4,10,10,0.38125525175057473,0.38125525175057473,2.5390865093474186,2.6229146888033457,7.556860060039144e-15,0.1568000269116369,0.16142290501049542
rank_greedy,13,0.52,4,10,10,0.38233561806031563,0.38233561806031563,2.615503114968076,2.615503114968076,7.417752229561566e-15,0.12223147249347688,0.11427306579278525
random,13,0.52,4,9,10,7.843414712394084e-17,0.3071206902831366,inf,inf,0.22638406990776716,0.2563373633248881,0.2523260408710829
tree_first,13,0.52,5,9,10,7.048595105712081e-17,0.30160296933376,inf,inf,0.017438505739254224,0.12372280392192862,0.10936420229339186
chord_first,13,0.52,5,10,10,0.38125525175057473,0.38125525175057473,2.5390865093474186,2.6229146888033457,7.556860060039144e-15,0.16288487265030407,0.14097461507464612
rank_greedy,13,0.52,5,10,10,0.38233561806031563,0.38233561806031563,2.615503114968076,2.615503114968076,7.417752229561566e-15,0.12405236308533704,0.1276992756067703
random,13,0.52,5,10,10,0.21571814429831854,0.21571814429831854,4.63567866881467,4.635678668814669,9.403366184867352e-15,0.21134780010993254,0.0707758003462288
tree_first,13,0.52,6,9,10,7.048595105712081e-17,0.30160296933376,inf,inf,0.017438505739254224,0.0877334939360077,0.05224918658447023
chord_first,13,0.52,6,10,10,0.38125525175057473,0.38125525175057473,2.5390865093474186,2.6229146888033457,7.556860060039144e-15,0.08215092702496285,0.09103142813640189
rank_greedy,13,0.52,6,10,10,0.38233561806031563,0.38233561806031563,2.615503114968076,2.615503114968076,7.417752229561566e-15,0.10962589850458239,0.10745166045619249
random,13,0.52,6,10,10,0.23468210511550366,0.23468210511550366,4.261083304616813,4.26108330461681,6.564413678897588e-15,0.11396622154295437,0.16172371521709433
tree_first,13,0.52,7,9,10,7.048595105712081e-17,0.30160296933376,inf,inf,0.017438505739254224,0.07120966955593981,0.09388050970318883
chord_first,13,0.52,7,10,10,0.38125525175057473,0.38125525175057473,2.5390865093474186,2.6229146888033457,7.556860060039144e-15,0.09766949750987612,0.08985668872907636
rank_greedy,13,0.52,7,10,10,0.38233561806031563,0.38233561806031563,2.615503114968076,2.615503114968076,7.417752229561566e-15,0.11064788848382055,0.11443179512336382
random,13,0.52,7,10,10,0.18914726492776637,0.18914726492776637,5.2868858578626075,5.2868858578626075,1.106803823695384e-14,0.23662734235381563,0.29926406960050067
tree_first,14,0.56,0,9,10,9.931819388328676e-17,0.32793580081948237,inf,inf,0.01743850573925427,0.09007320496355764,0.06654117326882968
chord_first,14,0.56,0,10,10,0.3847000533553369,0.3847000533553369,2.5994277652889433,2.5994277652889415,7.218370944155616e-15,0.1352599760132081,0.12315398270052359
rank_greedy,14,0.56,0,10,10,0.4275560885801521,0.4275560885801521,2.3388744230513625,2.3388744230513616,7.602190853377213e-15,0.0805879458816489,0.08037652457548686
random,14,0.56,0,9,10,1.4430976774763474e-16,0.3526209754352593,inf,inf,0.44227956680982866,0.447876279973201,0.4487852719383975
tree_first,14,0.56,1,9,10,9.931819388328676e-17,0.32793580081948237,inf,inf,0.01743850573925427,0.2026427145048032,0.23005041386734276
chord_first,14,0.56,1,10,10,0.3847000533553369,0.3847000533553369,2.5994277652889433,2.5994277652889415,7.218370944155616e-15,0.11308010651574167,0.11547206814882735
rank_greedy,14,0.56,1,10,10,0.4275560885801521,0.4275560885801521,2.3388744230513625,2.3388744230513616,7.602190853377213e-15,0.07609074671333527,0.06978237896726557
random,14,0.56,1,9,10,6.933468406244273e-17,0.3358610709529346,inf,inf,0.22638406990776735,0.24642102409032066,0.24923924258930352
tree_first,14,0.56,2,9,10,9.931819388328676e-17,0.32793580081948237,inf,inf,0.01743850573925427,0.06200087043884034,0.0809518695830413
chord_first,14,0.56,2,10,10,0.3847000533553369,0.3847000533553369,2.5994277652889433,2.5994277652889415,7.218370944155616e-15,0.12877928472766834,0.09909477312089479
rank_greedy,14,0.56,2,10,10,0.4275560885801521,0.4275560885801521,2.3388744230513625,2.3388744230513616,7.602190853377213e-15,0.08305646166695421,0.07302640569829784
random,14,0.56,2,10,10,0.35052668633505174,0.35052668633505174,2.852849837071029,2.852849837071029,1.1901544219379135e-14,0.06657539821491609,0.06918740248337421
tree_first,14,0.56,3,9,10,9.931819388328676e-17,0.32793580081948237,inf,inf,0.01743850573925427,0.07903407482662382,0.06580298965626942
chord_first,14,0.56,3,10,10,0.3847000533553369,0.3847000533553369,2.5994277652889433,2.5994277652889415,7.218370944155616e-15,0.07127879570905699,0.08174307136541059
rank_greedy,14,0.56,3,10,10,0.4275560885801521,0.4275560885801521,2.3388744230513625,2.3388744230513616,7.602190853377213e-15,0.09414153565416279,0.0873529351058908
random,14,0.56,3,10,10,0.33536973167915507,0.33536973167915507,2.981783701806133,2.9817837018061315,7.310841799453369e-15,0.06942711509358249,0.07439137161641679
tree_first,14,0.56,4,9,10,9.931819388328676e-17,0.32793580081948237,inf,inf,0.01743850573925427,0.06765833536896665,0.0835207153949458
chord_first,14,0.56,4,10,10,0.3847000533553369,0.3847000533553369,2.5994277652889433,2.5994277652889415,7.218370944155616e-15,0.08696107334298853,0.09963699208625681
rank_greedy,14,0.56,4,10,10,0.4275560885801521,0.4275560885801521,2.3388744230513625,2.3388744230513616,7.602190853377213e-15,0.08709938908148977,0.09497550376666795
random,14,0.56,4,9,10,7.15121422705246e-17,0.3044756514625939,inf,inf,0.09459443535045685,0.11683512188149511,0.11070279596553607
tree_first,14,0.56,5,9,10,9.931819388328676e-17,0.32793580081948237,inf,inf,0.01743850573925427,0.08320198606441667,0.06396164441625599
chord_first,14,0.56,5,10,10,0.3847000533553369,0.3847000533553369,2.5994277652889433,2.5994277652889415,7.218370944155616e-15,0.10982354656852608,0.09554218658891456
rank_greedy,14,0.56,5,10,10,0.4275560885801521,0.4275560885801521,2.3388744230513625,2.3388744230513616,7.602190853377213e-15,0.06758926733928781,0.05806535209951555
random,14,0.56,5,9,10,6.648515331846713e-17,0.3117005720405793,inf,inf,0.06342236699931014,0.12282555711759387,0.13514413461378963
tree_first,14,0.56,6,9,10,9.931819388328676e-17,0.32793580081948237,inf,inf,0.01743850573925427,0.0742109484700941,0.10021039132983817
chord_first,14,0.56,6,10,10,0.3847000533553369,0.3847000533553369,2.5994277652889433,2.5994277652889415,7.218370944155616e-15,0.09363696997145785,0.09556438192588543
rank_greedy,14,0.56,6,10,10,0.4275560885801521,0.4275560885801521,2.3388744230513625,2.3388744230513616,7.602190853377213e-15,0.10936276295851732,0.09889793845686273
random,14,0.56,6,10,10,0.22434070557265404,0.22434070557265404,4.457505816643447,4.457505816643446,7.114745386471578e-15,0.08911992796133768,0.09156145792318092
tree_first,14,0.56,7,9,10,9.931819388328676e-17,0.32793580081948237,inf,inf,0.01743850573925427,0.03495445498114797,0.05682399510091288
chord_first,14,0.56,7,10,10,0.3847000533553369,0.3847000533553369,2.5994277652889433,2.5994277652889415,7.218370944155616e-15,0.1150804677238979,0.09496736993986461
rank_greedy,14,0.56,7,10,10,0.4275560885801521,0.4275560885801521,2.3388744230513625,2.3388744230513616,7.602190853377213e-15,0.08656224047449214,0.08457927241297741
random,14,0.56,7,10,10,0.3591478226641725,0.3591478226641725,2.7843688222358165,2.784368822235817,7.831598520157533e-15,0.049465533543453385,0.06885124311085304
tree_first,15,0.6,0,10,10,0.32325439560621466,0.32325439560621466,2.995215762112064,3.093538753354464,6.771222831074185e-15,0.10233814240753432,0.13483321087295838
chord_first,15,0.6,0,10,10,0.38776159191468884,0.38776159191468884,2.578904205190105,2.5789042051901037,7.704059881267025e-15,0.06657565966851499,0.0622832341873478
rank_greedy,15,0.6,0,10,10,0.4917450155005102,0.4917450155005102,2.033574247788106,2.033574247788105,7.0510088608928765e-15,0.09059176269925666,0.09747799833439424
random,15,0.6,0,10,10,0.3783807213899156,0.3783807213899156,2.642840777740141,2.642840777740141,7.0773996632678045e-15,0.07267052941704087,0.0875296874445825
tree_first,15,0.6,1,10,10,0.32325439560621466,0.32325439560621466,2.995215762112064,3.093538753354464,6.771222831074185e-15,0.03151727455714218,0.04753409315299811
chord_first,15,0.6,1,10,10,0.38776159191468884,0.38776159191468884,2.578904205190105,2.5789042051901037,7.704059881267025e-15,0.08820633506864535,0.103247962952074
rank_greedy,15,0.6,1,10,10,0.4917450155005102,0.4917450155005102,2.033574247788106,2.033574247788105,7.0510088608928765e-15,0.10112632302532729,0.10385405352436904
random,15,0.6,1,10,10,0.4276220283176464,0.4276220283176464,2.3385137663141617,2.338513766314161,7.316319190844607e-15,0.07568553287663929,0.08001425305472061
tree_first,15,0.6,2,10,10,0.32325439560621466,0.32325439560621466,2.995215762112064,3.093538753354464,6.771222831074185e-15,0.11808119071772118,0.11900555589527842
chord_first,15,0.6,2,10,10,0.38776159191468884,0.38776159191468884,2.578904205190105,2.5789042051901037,7.704059881267025e-15,0.08863989675716878,0.09371616484549927
rank_greedy,15,0.6,2,10,10,0.4917450155005102,0.4917450155005102,2.033574247788106,2.033574247788105,7.0510088608928765e-15,0.08752053784498522,0.07189208430624001
random,15,0.6,2,9,10,5.937655674843895e-17,0.5078391315955979,inf,inf,0.22638406990776702,0.24068131702812098,0.24352104520846649
tree_first,15,0.6,3,10,10,0.32325439560621466,0.32325439560621466,2.995215762112064,3.093538753354464,6.771222831074185e-15,0.10676090540175692,0.10020572422936393
chord_first,15,0.6,3,10,10,0.38776159191468884,0.38776159191468884,2.578904205190105,2.5789042051901037,7.704059881267025e-15,0.11028629036423417,0.09593208867455708
rank_greedy,15,0.6,3,10,10,0.4917450155005102,0.4917450155005102,2.033574247788106,2.033574247788105,7.0510088608928765e-15,0.1173208445182853,0.11675428044570717
random,15,0.6,3,10,10,0.28831051228130494,0.28831051228130494,3.468482616493356,3.4684826164933544,1.0579499227470698e-14,0.12689314453080366,0.1293347959046176
tree_first,15,0.6,4,10,10,0.32325439560621466,0.32325439560621466,2.995215762112064,3.093538753354464,6.771222831074185e-15,0.08263832121079603,0.0774232012166694
chord_first,15,0.6,4,10,10,0.38776159191468884,0.38776159191468884,2.578904205190105,2.5789042051901037,7.704059881267025e-15,0.14985231487982326,0.12324987067424202
rank_greedy,15,0.6,4,10,10,0.4917450155005102,0.4917450155005102,2.033574247788106,2.033574247788105,7.0510088608928765e-15,0.07944109047549362,0.0826640542916989
random,15,0.6,4,10,10,0.32051670391365944,0.32051670391365944,3.1199621978808936,3.119962197880892,8.13498828376885e-15,0.09795284640024012,0.08886785026277899
tree_first,15,0.6,5,10,10,0.32325439560621466,0.32325439560621466,2.995215762112064,3.093538753354464,6.771222831074185e-15,0.1404630810932755,0.17317104338981062
chord_first,15,0.6,5,10,10,0.38776159191468884,0.38776159191468884,2.578904205190105,2.5789042051901037,7.704059881267025e-15,0.08417642687537745,0.07947681247767108
rank_greedy,15,0.6,5,10,10,0.4917450155005102,0.4917450155005102,2.033574247788106,2.033574247788105,7.0510088608928765e-15,0.08469096458166206,0.0841437382865884
random,15,0.6,5,9,10,6.422938375820487e-17,0.3375396919448405,inf,inf,0.5057019338091383,0.5184530581435042,0.5194497254750942
tree_first,15,0.6,6,10,10,0.32325439560621466,0.32325439560621466,2.995215762112064,3.093538753354464,6.771222831074185e-15,0.09838102772611453,0.11761463299179581
chord_first,15,0.6,6,10,10,0.38776159191468884,0.38776159191468884,2.578904205190105,2.5789042051901037,7.704059881267025e-15,0.08303371337851828,0.10040414629822572
rank_greedy,15,0.6,6,10,10,0.4917450155005102,0.4917450155005102,2.033574247788106,2.033574247788105,7.0510088608928765e-15,0.04846314847599261,0.05348691763661493
random,15,0.6,6,10,10,0.2628433398426701,0.2628433398426701,3.804547608467346,3.8045476084673444,7.351613188367051e-15,0.14432350730829102,0.13573437460238108
tree_first,15,0.6,7,10,10,0.32325439560621466,0.32325439560621466,2.995215762112064,3.093538753354464,6.771222831074185e-15,0.0935904940420442,0.08204006329469499
chord_first,15,0.6,7,10,10,0.38776159191468884,0.38776159191468884,2.578904205190105,2.5789042051901037,7.704059881267025e-15,0.0756370367265509,0.07353416218785395
rank_greedy,15,0.6,7,10,10,0.4917450155005102,0.4917450155005102,2.033574247788106,2.033574247788105,7.0510088608928765e-15,0.09474511030380212,0.0860219346793939
random,15,0.6,7,10,10,0.26925966692160935,0.26925966692160935,3.7138870868882665,3.713887086888264,1.1467453797716409e-14,0.10309210325487941,0.1265328820006391
tree_first,16,0.64,0,10,10,0.32325771276717075,0.32325771276717075,3.0935070085095218,3.09350700850952,6.227401172253268e-15,0.09499583671961553,0.07849175624761492
chord_first,16,0.64,0,10,10,0.41292699904731067,0.41292699904731067,2.4217355665944877,2.421735566594487,8.111658977299343e-15,0.07721428457936819,0.0893096297020629
rank_greedy,16,0.64,0,10,10,0.5038897034912732,0.5038897034912732,1.9845612900429492,1.9845612900429488,5.208295122274211e-15,0.09779147754670434,0.10552102590667203
random,16,0.64,0,10,10,0.4316882413516668,0.4316882413516668,2.316486538685609,2.316486538685608,7.973341651543906e-15,0.07896248578592067,0.06017939134590146
tree_first,16,0.64,1,10,10,0.32325771276717075,0.32325771276717075,3.0935070085095218,3.09350700850952,6.227401172253268e-15,0.09806283620197156,0.12485704115618641
chord_first,16,0.64,1,10,10,0.41292699904731067,0.41292699904731067,2.4217355665944877,2.421735566594487,8.111658977299343e-15,0.08458083953827748,0.09430416130282149
rank_greedy,16,0.64,1,10,10,0.5038897034912732,0.5038897034912732,1.9845612900429492,1.9845612900429488,5.208295122274211e-15,0.08781185392780953,0.08162733386507123
random,16,0.64,1,10,10,0.41303086036975545,0.41303086036975545,2.4211265935547175,2.421126593554717,7.145430231811334e-15,0.0664546023918607,0.07004036375865738
tree_first,16,0.64,2,10,10,0.32325771276717075,0.32325771276717075,3.0935070085095218,3.09350700850952,6.227401172253268e-15,0.08764716902118476,0.08016895506752612
chord_first,16,0.64,2,10,10,0.41292699904731067,0.41292699904731067,2.4217355665944877,2.421735566594487,8.111658977299343e-15,0.12889069515827686,0.12278733486024607
rank_greedy,16,0.64,2,10,10,0.5038897034912732,0.5038897034912732,1.9845612900429492,1.9845612900429488,5.208295122274211e-15,0.04919560557452209,0.04562492518002957
random,16,0.64,2,10,10,0.5096550589513803,0.5096550589513803,1.9621113975744864,1.9621113975744864,5.988775984820008e-15,0.1270734878372193,0.12784242152182163
tree_first,16,0.64,3,10,10,0.32325771276717075,0.32325771276717075,3.0935070085095218,3.09350700850952,6.227401172253268e-15,0.1206220593266266,0.14561577957737906
chord_first,16,0.64,3,10,10,0.41292699904731067,0.41292699904731067,2.4217355665944877,2.421735566594487,8.111658977299343e-15,0.07655311181354628,0.07725457688244783
rank_greedy,16,0.64,3,10,10,0.5038897034912732,0.5038897034912732,1.9845612900429492,1.9845612900429488,5.208295122274211e-15,0.06376333707184162,0.06354881474475153
random,16,0.64,3,9,10,9.539592972205088e-17,0.34863741709997553,inf,inf,0.5057019338091381,0.5170155075395096,0.5121308095131177
tree_first,16,0.64,4,10,10,0.32325771276717075,0.32325771276717075,3.0935070085095218,3.09350700850952,6.227401172253268e-15,0.06759028407032922,0.046639526191474136
chord_first,16,0.64,4,10,10,0.41292699904731067,0.41292699904731067,2.4217355665944877,2.421735566594487,8.111658977299343e-15,0.08875031232245281,0.08346312415391557
rank_greedy,16,0.64,4,10,10,0.5038897034912732,0.5038897034912732,1.9845612900429492,1.9845612900429488,5.208295122274211e-15,0.07140640090100336,0.08076394787129375
random,16,0.64,4,9,10,4.943717104598865e-17,0.35180964024409567,inf,inf,0.046405090076128155,0.13814475394084347,0.15200783960499153
tree_first,16,0.64,5,10,10,0.32325771276717075,0.32325771276717075,3.0935070085095218,3.09350700850952,6.227401172253268e-15,0.038986590209988195,0.07362178596799009
chord_first,16,0.64,5,10,10,0.41292699904731067,0.41292699904731067,2.4217355665944877,2.421735566594487,8.111658977299343e-15,0.10842341769354623,0.10463110921159685
rank_greedy,16,0.64,5,10,10,0.5038897034912732,0.5038897034912732,1.9845612900429492,1.9845612900429488,5.208295122274211e-15,0.08001053078512138,0.08229475804612639
random,16,0.64,5,10,10,0.26830890863046114,0.26830890863046114,3.7270473243111315,3.7270473243111315,7.340077290891853e-15,0.11829354183504023,0.16908741664591465
tree_first,16,0.64,6,10,10,0.32325771276717075,0.32325771276717075,3.0935070085095218,3.09350700850952,6.227401172253268e-15,0.0970176307016207,0.08908632138743082
chord_first,16,0.64,6,10,10,0.41292699904731067,0.41292699904731067,2.4217355665944877,2.421735566594487,8.111658977299343e-15,0.05734628282975501,0.05300543433076208
rank_greedy,16,0.64,6,10,10,0.5038897034912732,0.5038897034912732,1.9845612900429492,1.9845612900429488,5.208295122274211e-15,0.05525571331908805,0.05421462720898834
random,16,0.64,6,10,10,0.4824654610998132,0.4824654610998132,2.0726872297147074,2.0726872297147056,6.0664825163604335e-15,0.08261807323795138,0.06620390318277032
tree_first,16,0.64,7,10,10,0.32325771276717075,0.32325771276717075,3.0935070085095218,3.09350700850952,6.227401172253268e-15,0.09682698391341892,0.12322435384073444
chord_first,16,0.64,7,10,10,0.41292699904731067,0.41292699904731067,2.4217355665944877,2.421735566594487,8.111658977299343e-15,0.08659307740307001,0.09525545544709799
rank_greedy,16,0.64,7,10,10,0.5038897034912732,0.5038897034912732,1.9845612900429492,1.9845612900429488,5.208295122274211e-15,0.07490513278533122,0.08085917779839266
random,16,0.64,7,10,10,0.34649236181966303,0.34649236181966303,2.8860665059060224,2.886066505906022,1.0525476396675632e-14,0.10668262300026585,0.07808008205875358
tree_first,17,0.68,0,10,10,0.3510993209176385,0.3510993209176385,2.8481969073206552,2.8481969073206543,6.781454533067089e-15,0.07951023103593902,0.0822696596412219
chord_first,17,0.68,0,10,10,0.41426857101402753,0.41426857101402753,2.4138929910908917,2.413892991090891,6.963939742963469e-15,0.09067976481747307,0.08622528313112128
rank_greedy,17,0.68,0,10,10,0.628593499546731,0.628593499546731,1.590853231414395,1.5908532314143948,5.1613431382503765e-15,0.05360364493029514,0.06203382414288593
random,17,0.68,0,10,10,0.4379762667640462,0.4379762667640462,2.28322874065397,2.283228740653969,7.823528256265319e-15,0.08101689161000095,0.08011518092347604
tree_first,17,0.68,1,10,10,0.3510993209176385,0.3510993209176385,2.8481969073206552,2.8481969073206543,6.781454533067089e-15,0.10630980158955573,0.09913835159179205
chord_first,17,0.68,1,10,10,0.41426857101402753,0.41426857101402753,2.4138929910908917,2.413892991090891,6.963939742963469e-15,0.10994828034493344,0.11963726258422801
rank_greedy,17,0.68,1,10,10,0.628593499546731,0.628593499546731,1.590853231414395,1.5908532314143948,5.1613431382503765e-15,0.10538215513683956,0.10520308773894906
random,17,0.68,1,10,10,0.3928599627160629,0.3928599627160629,2.5454362747642563,2.545436274764257,8.409710402018033e-15,0.08965903938231923,0.10082034979662502
tree_first,17,0.68,2,10,10,0.3510993209176385,0.3510993209176385,2.8481969073206552,2.8481969073206543,6.781454533067089e-15,0.04379708829585707,0.05842163506755909
chord_first,17,0.68,2,10,10,0.41426857101402753,0.41426857101402753,2.4138929910908917,2.413892991090891,6.963939742963469e-15,0.07905181383788536,0.07634593921697601
rank_greedy,17,0.68,2,10,10,0.628593499546731,0.628593499546731,1.590853231414395,1.5908532314143948,5.1613431382503765e-15,0.09404832935518977,0.09645448634409241
random,17,0.68,2,9,10,8.834392351867706e-17,0.5803734894719633,inf,inf,0.2263840699077671,0.23412204885000118,0.23285039923772557
tree_first,17,0.68,3,10,10,0.3510993209176385,0.3510993209176385,2.8481969073206552,2.8481969073206543,6.781454533067089e-15,0.08040599672736576,0.07904315807508691
chord_first,17,0.68,3,10,10,0.41426857101402753,0.41426857101402753,2.4138929910908917,2.413892991090891,6.963939742963469e-15,0.05036936357450071,0.039467772229965795
rank_greedy,17,0.68,3,10,10,0.628593499546731,0.628593499546731,1.590853231414395,1.5908532314143948,5.1613431382503765e-15,0.06260113701150202,0.04955344151232363
random,17,0.68,3,10,10,0.4388840190711636,0.4388840190711636,2.2785062944792562,2.278506294479256,6.178967164302831e-15,0.07033827869410127,0.06219952914166606
tree_first,17,0.68,4,10,10,0.3510993209176385,0.3510993209176385,2.8481969073206552,2.8481969073206543,6.781454533067089e-15,0.092035531807881,0.09376339869596362
chord_first,17,0.68,4,10,10,0.41426857101402753,0.41426857101402753,2.4138929910908917,2.413892991090891,6.963939742963469e-15,0.06950535747518971,0.05685931587072304
rank_greedy,17,0.68,4,10,10,0.628593499546731,0.628593499546731,1.590853231414395,1.5908532314143948,5.1613431382503765e-15,0.06432159644912731,0.05972961783788684
random,17,0.68,4,10,10,0.3677867244754742,0.3677867244754742,2.7189670900334115,2.7189670900334106,6.276934317825567e-15,0.06110371818031795,0.0760458802297061
tree_first,17,0.68,5,10,10,0.3510993209176385,0.3510993209176385,2.8481969073206552,2.8481969073206543,6.781454533067089e-15,0.09387803099436973,0.08391259477309952
chord_first,17,0.68,5,10,10,0.41426857101402753,0.41426857101402753,2.4138929910908917,2.413892991090891,6.963939742963469e-15,0.052190435657744234,0.05561416155506446
rank_greedy,17,0.68,5,10,10,0.628593499546731,0.628593499546731,1.590853231414395,1.5908532314143948,5.1613431382503765e-15,0.07641093181386047,0.07732603582974804
random,17,0.68,5,10,10,0.38461178561629095,0.38461178561629095,2.600024329461535,2.6000243294615335,6.989557163462102e-15,0.0986027115648772,0.11042523967899713
tree_first,17,0.68,6,10,10,0.3510993209176385,0.3510993209176385,2.8481969073206552,2.8481969073206543,6.781454533067089e-15,0.05729991654218021,0.059614273848653455
chord_first,17,0.68,6,10,10,0.41426857101402753,0.41426857101402753,2.4138929910908917,2.413892991090891,6.963939742963469e-15,0.07673139753227017,0.0855698901436864
rank_greedy,17,0.68,6,10,10,0.628593499546731,0.628593499546731,1.590853231414395,1.5908532314143948,5.1613431382503765e-15,0.09117882193083207,0.0945601663924335
random,17,0.68,6,10,10,0.48969118537360784,0.48969118537360784,2.0421033293402124,2.042103329340213,6.706978494453653e-15,0.08593878508089249,0.08902524105617338
tree_first,17,0.68,7,10,10,0.3510993209176385,0.3510993209176385,2.8481969073206552,2.8481969073206543,6.781454533067089e-15,0.08665321527412251,0.0835811413487175
chord_first,17,0.68,7,10,10,0.41426857101402753,0.41426857101402753,2.4138929910908917,2.413892991090891,6.963939742963469e-15,0.08475503247415256,0.07823405184349175
rank_greedy,17,0.68,7,10,10,0.628593499546731,0.628593499546731,1.590853231414395,1.5908532314143948,5.1613431382503765e-15,0.06267937200010236,0.06428940359100566
random,17,0.68,7,10,10,0.39993332536290227,0.39993332536290227,2.5004167859544926,2.5004167859544917,8.736615795372653e-15,0.09432703312192044,0.09648978904639643
tree_first,18,0.72,0,10,10,0.49000699035184986,0.49000699035184986,2.0407872126108844,2.040787212610884,5.6903668571537386e-15,0.08710620127607038,0.09181347692574011
chord_first,18,0.72,0,10,10,0.4234520023374473,0.4234520023374473,2.361542735611164,2.361542735611163,7.172118076178739e-15,0.05510115538173185,0.06223885547009814
rank_greedy,18,0.72,0,10,10,0.6537980821371033,0.6537980821371033,1.5295242175248498,1.5295242175248491,5.086166632446223e-15,0.10311269761185672,0.1069248954518183
random,18,0.72,0,10,10,0.4070761518044086,0.4070761518044086,2.456542825138227,2.4565428251382277,6.441207436029955e-15,0.06509129582170199,0.07032219419511399
tree_first,18,0.72,1,10,10,0.49000699035184986,0.49000699035184986,2.0407872126108844,2.040787212610884,5.6903668571537386e-15,0.09690362914505929,0.09110401903502074
chord_first,18,0.72,1,10,10,0.4234520023374473,0.4234520023374473,2.361542735611164,2.361542735611163,7.172118076178739e-15,0.09152646726159865,0.07523063007523481
rank_greedy,18,0.72,1,10,10,0.6537980821371033,0.6537980821371033,1.5295242175248498,1.5295242175248491,5.086166632446223e-15,0.038477730256811664,0.042338703184748465
random,18,0.72,1,9,10,3.05735576749233e-17,0.5352326622039562,inf,inf,0.04640509007612836,0.08760768452539376,0.08351734049752206
tree_first,18,0.72,2,10,10,0.49000699035184986,0.49000699035184986,2.0407872126108844,2.040787212610884,5.6903668571537386e-15,0.04487015710411339,0.06312700543185193
chord_first,18,0.72,2,10,10,0.4234520023374473,0.4234520023374473,2.361542735611164,2.361542735611163,7.172118076178739e-15,0.09472446946776053,0.09945952362548627
rank_greedy,18,0.72,2,10,10,0.6537980821371033,0.6537980821371033,1.5295242175248498,1.5295242175248491,5.086166632446223e-15,0.08089782004159889,0.08340251552393128
random,18,0.72,2,10,10,0.45447535813271617,0.45447535813271617,2.2003393189647475,2.2003393189647467,6.202610464077155e-15,0.1297037939379484,0.11159705806795561
tree_first,18,0.72,3,10,10,0.49000699035184986,0.49000699035184986,2.0407872126108844,2.040787212610884,5.6903668571537386e-15,0.0761419887958152,0.07568226857951399
chord_first,18,0.72,3,10,10,0.4234520023374473,0.4234520023374473,2.361542735611164,2.361542735611163,7.172118076178739e-15,0.120451638157895,0.12341590198390104
rank_greedy,18,0.72,3,10,10,0.6537980821371033,0.6537980821371033,1.5295242175248498,1.5295242175248491,5.086166632446223e-15,0.06354357173015375,0.0636591045413727
random,18,0.72,3,10,10,0.36511820668612743,0.36511820668612743,2.738839043596767,2.738839043596767,6.1881863474074764e-15,0.08708678358372708,0.09654141303886289
tree_first,18,0.72,4,10,10,0.49000699035184986,0.49000699035184986,2.0407872126108844,2.040787212610884,5.6903668571537386e-15,0.09587685196927996,0.08458741256905628
chord_first,18,0.72,4,10,10,0.4234520023374473,0.4234520023374473,2.361542735611164,2.361542735611163,7.172118076178739e-15,0.09858199686864172,0.1072726487562983
rank_greedy,18,0.72,4,10,10,0.6537980821371033,0.6537980821371033,1.5295242175248498,1.5295242175248491,5.086166632446223e-15,0.07705111765171521,0.06887314450322712
random,18,0.72,4,10,10,0.48399293765346335,0.48399293765346335,2.0661458509049484,2.066145850904947,5.585150143304223e-15,0.048085345421812475,0.04998836931197637
tree_first,18,0.72,5,10,10,0.49000699035184986,0.49000699035184986,2.0407872126108844,2.040787212610884,5.6903668571537386e-15,0.0616168606242504,0.0789240810476683
chord_first,18,0.72,5,10,10,0.4234520023374473,0.4234520023374473,2.361542735611164,2.361542735611163,7.172118076178739e-15,0.10027298125099648,0.10988016546457005
rank_greedy,18,0.72,5,10,10,0.6537980821371033,0.6537980821371033,1.5295242175248498,1.5295242175248491,5.086166632446223e-15,0.07355367490591207,0.06462823826490569
random,18,0.72,5,10,10,0.465532432857283,0.465532432857283,2.148078048745891,2.148078048745891,6.65045832908259e-15,0.07938919301880952,0.06980993802140871
tree_first,18,0.72,6,10,10,0.49000699035184986,0.49000699035184986,2.0407872126108844,2.040787212610884,5.6903668571537386e-15,0.07366372319248055,0.05063093114348032
chord_first,18,0.72,6,10,10,0.4234520023374473,0.4234520023374473,2.361542735611164,2.361542735611163,7.172118076178739e-15,0.10347712390756143,0.0981209662236505
rank_greedy,18,0.72,6,10,10,0.6537980821371033,0.6537980821371033,1.5295242175248498,1.5295242175248491,5.086166632446223e-15,0.08130864604911676,0.07110443743542857
random,18,0.72,6,10,10,0.5603186420658296,0.5603186420658296,1.7846987855216045,1.7846987855216032,5.233674239103254e-15,0.09938832616445697,0.10330358525459318
tree_first,18,0.72,7,10,10,0.49000699035184986,0.49000699035184986,2.0407872126108844,2.040787212610884,5.6903668571537386e-15,0.08339297827260773,0.08298824011160033
chord_first,18,0.72,7,10,10,0.4234520023374473,0.4234520023374473,2.361542735611164,2.361542735611163,7.172118076178739e-15,0.06229504281379527,0.06768880104946502
rank_greedy,18,0.72,7,10,10,0.6537980821371033,0.6537980821371033,1.5295242175248498,1.5295242175248491,5.086166632446223e-15,0.09065292833085353,0.09185992963993533
random,18,0.72,7,10,10,0.40760210592759255,0.40760210592759255,2.4533729965017477,2.4533729965017463,5.879204869530114e-15,0.055355361579066335,0.06303466834873002
tree_first,19,0.76,0,10,10,0.504284667627251,0.504284667627251,1.9830069486450543,1.9830069486450534,5.7806275530513375e-15,0.08783401567210748,0.08975363424054811
chord_first,19,0.76,0,10,10,0.4285478795926313,0.4285478795926313,2.3334615514854016,2.3334615514854002,6.22195569143167e-15,0.07526646839156911,0.08673073178131986
rank_greedy,19,0.76,0,10,10,0.6866890084572753,0.6866890084572753,1.456263297772326,1.4562632977723253,5.4734107712588435e-15,0.06130571837807335,0.06882035978576186
random,19,0.76,0,10,10,0.3751823997884524,0.3751823997884524,2.6653702320893866,2.6653702320893853,9.077388762230221e-15,0.10332317052415183,0.09711033759062584
tree_first,19,0.76,1,10,10,0.504284667627251,0.504284667627251,1.9830069486450543,1.9830069486450534,5.7806275530513375e-15,0.09030581470182653,0.08808810472665324
chord_first,19,0.76,1,10,10,0.4285478795926313,0.4285478795926313,2.3334615514854016,2.3334615514854002,6.22195569143167e-15,0.06719882920956827,0.07468622449166903
rank_greedy,19,0.76,1,10,10,0.6866890084572753,0.6866890084572753,1.456263297772326,1.4562632977723253,5.4734107712588435e-15,0.08389261258933575,0.08495691416733449
random,19,0.76,1,10,10,0.5871490083643566,0.5871490083643566,1.7031451739750678,1.7031451739750667,5.464113502652437e-15,0.06457833039536179,0.06750885779597039
tree_first,19,0.76,2,10,10,0.504284667627251,0.504284667627251,1.9830069486450543,1.9830069486450534,5.7806275530513375e-15,0.08570087255170585,0.07510826537898692
chord_first,19,0.76,2,10,10,0.4285478795926313,0.4285478795926313,2.3334615514854016,2.3334615514854002,6.22195569143167e-15,0.07391708817057867,0.0793882010206028
rank_greedy,19,0.76,2,10,10,0.6866890084572753,0.6866890084572753,1.456263297772326,1.4562632977723253,5.4734107712588435e-15,0.0690355409272131,0.06501742283822515
random,19,0.76,2,10,10,0.5074860263259741,0.5074860263259741,1.9704976060910682,1.9704976060910668,5.344660226352231e-15,0.1496705222663516,0.13821719412774058
tree_first,19,0.76,3,10,10,0.504284667627251,0.504284667627251,1.9830069486450543,1.9830069486450534,5.7806275530513375e-15,0.10173870233632114,0.09751551993976364
chord_first,19,0.76,3,10,10,0.4285478795926313,0.4285478795926313,2.3334615514854016,2.3334615514854002,6.22195569143167e-15,0.08371328835645099,0.08388662872724528
rank_greedy,19,0.76,3,10,10,0.6866890084572753,0.6866890084572753,1.456263297772326,1.4562632977723253,5.4734107712588435e-15,0.09091107681811247,0.08090772129199789
random,19,0.76,3,10,10,0.44481654714755325,0.44481654714755325,2.2481178058969182,2.248117805896917,5.99211958652363e-15,0.10085669851138518,0.09277074617585528
tree_first,19,0.76,4,10,10,0.504284667627251,0.504284667627251,1.9830069486450543,1.9830069486450534,5.7806275530513375e-15,0.08240769441038166,0.0925480958999939
chord_first,19,0.76,4,10,10,0.4285478795926313,0.4285478795926313,2.3334615514854016,2.3334615514854002,6.22195569143167e-15,0.07243022456918156,0.07274513577075588
rank_greedy,19,0.76,4,10,10,0.6866890084572753,0.6866890084572753,1.456263297772326,1.4562632977723253,5.4734107712588435e-15,0.05420583037774666,0.05484400918077491
random,19,0.76,4,10,10,0.5040146579530259,0.5040146579530259,1.9840692809636502,1.9840692809636498,5.785689516160167e-15,0.09161958678441381,0.08113229644082129
tree_first,19,0.76,5,10,10,0.504284667627251,0.504284667627251,1.9830069486450543,1.9830069486450534,5.7806275530513375e-15,0.08836314928208834,0.10003818668747798
chord_first,19,0.76,5,10,10,0.4285478795926313,0.4285478795926313,2.3334615514854016,2.3334615514854002,6.22195569143167e-15,0.07623055352872829,0.07735351994969467
rank_greedy,19,0.76,5,10,10,0.6866890084572753,0.6866890084572753,1.456263297772326,1.4562632977723253,5.4734107712588435e-15,0.05581542630708037,0.05930354843228852
random,19,0.76,5,10,10,0.5069362325252432,0.5069362325252432,1.972634694148055,1.9726346941480541,6.447423665283219e-15,0.07065866331879649,0.08146521211401397
tree_first,19,0.76,6,10,10,0.504284667627251,0.504284667627251,1.9830069486450543,1.9830069486450534,5.7806275530513375e-15,0.08537793840932317,0.1036702735837447
chord_first,19,0.76,6,10,10,0.4285478795926313,0.4285478795926313,2.3334615514854016,2.3334615514854002,6.22195569143167e-15,0.06784775582245377,0.07687490981121685
rank_greedy,19,0.76,6,10,10,0.6866890084572753,0.6866890084572753,1.456263297772326,1.4562632977723253,5.4734107712588435e-15,0.08770214665177975,0.07788051052398809
random,19,0.76,6,10,10,0.42733738551136374,0.42733738551136374,2.340071414073385,2.3400714140733845,8.062887228454831e-15,0.05096904704087404,0.040677430182213294
tree_first,19,0.76,7,10,10,0.504284667627251,0.504284667627251,1.9830069486450543,1.9830069486450534,5.7806275530513375e-15,0.09424826270559858,0.11341900981649598
chord_first,19,0.76,7,10,10,0.4285478795926313,0.4285478795926313,2.3334615514854016,2.3334615514854002,6.22195569143167e-15,0.09951565576572516,0.10880491457155918
rank_greedy,19,0.76,7,10,10,0.6866890084572753,0.6866890084572753,1.456263297772326,1.4562632977723253,5.4734107712588435e-15,0.059135655713697895,0.05293170405844474
random,19,0.76,7,10,10,0.31829315837800976,0.31829315837800976,3.1417577590919676,3.1417577590919654,5.731375151869636e-15,0.06843480650520192,0.06683608806148407
tree_first,20,0.8,0,10,10,0.5104155980984736,0.5104155980984736,1.9591877750708397,1.9591877750708389,5.811463456374355e-15,0.0710450088598953,0.06697967087195726
chord_first,20,0.8,0,10,10,0.6276017884644597,0.6276017884644597,1.5933670336515129,1.5933670336515122,6.3467479840346516e-15,0.0802315685219908,0.08372441749272772
rank_greedy,20,0.8,0,10,10,0.7071067811865475,0.7071067811865475,1.414213562373096,1.4142135623730951,5.3837231811312645e-15,0.0776087154324576,0.07872252640984181
random,20,0.8,0,10,10,0.5158070862269514,0.5158070862269514,1.938709309549903,1.9387093095499026,6.217248937900877e-15,0.08682169628792666,0.08616826383655936
tree_first,20,0.8,1,10,10,0.5104155980984736,0.5104155980984736,1.9591877750708397,1.9591877750708389,5.811463456374355e-15,0.07953025483958577,0.08616294717332741
chord_first,20,0.8,1,10,10,0.6276017884644597,0.6276017884644597,1.5933670336515129,1.5933670336515122,6.3467479840346516e-15,0.07775581086967644,0.07727534191124676
rank_greedy,20,0.8,1,10,10,0.7071067811865475,0.7071067811865475,1.414213562373096,1.4142135623730951,5.3837231811312645e-15,0.055533655817953095,0.06248770984289221
random,20,0.8,1,10,10,0.6110396742122287,0.6110396742122287,1.6365549443073912,1.6365549443073906,5.208295122274211e-15,0.07520009824768277,0.08114226853151617
tree_first,20,0.8,2,10,10,0.5104155980984736,0.5104155980984736,1.9591877750708397,1.9591877750708389,5.811463456374355e-15,0.07935944233366658,0.08136619550116587
chord_first,20,0.8,2,10,10,0.6276017884644597,0.6276017884644597,1.5933670336515129,1.5933670336515122,6.3467479840346516e-15,0.08106184672556777,0.07966095528773853
rank_greedy,20,0.8,2,10,10,0.7071067811865475,0.7071067811865475,1.414213562373096,1.4142135623730951,5.3837231811312645e-15,0.05264759055455261,0.04961366666981656
random,20,0.8,2,10,10,0.5336747363045582,0.5336747363045582,1.8738005230011843,1.8738005230011838,5.318651993048589e-15,0.05081378101380463,0.05138677621317667
tree_first,20,0.8,3,10,10,0.5104155980984736,0.5104155980984736,1.9591877750708397,1.9591877750708389,5.811463456374355e-15,0.0732359220612004,0.08498555917305768
chord_first,20,0.8,3,10,10,0.6276017884644597,0.6276017884644597,1.5933670336515129,1.5933670336515122,6.3467479840346516e-15,0.06676106340841355,0.06493035064262387
rank_greedy,20,0.8,3,10,10,0.7071067811865475,0.7071067811865475,1.414213562373096,1.4142135623730951,5.3837231811312645e-15,0.06307536998192265,0.06749033859217496
random,20,0.8,3,10,10,0.7033365383755946,0.7033365383755946,1.4217944688464093,1.4217944688464084,5.185169430563076e-15,0.057120347747866146,0.05650569010526355
tree_first,20,0.8,4,10,10,0.5104155980984736,0.5104155980984736,1.9591877750708397,1.9591877750708389,5.811463456374355e-15,0.08391212889597728,0.08271896906026206
chord_first,20,0.8,4,10,10,0.6276017884644597,0.6276017884644597,1.5933670336515129,1.5933670336515122,6.3467479840346516e-15,0.10913243043813874,0.10788621144151976
rank_greedy,20,0.8,4,10,10,0.7071067811865475,0.7071067811865475,1.414213562373096,1.4142135623730951,5.3837231811312645e-15,0.050377104585474085,0.05357677611820123
random,20,0.8,4,10,10,0.6042543426323255,0.6042543426323255,1.6549322519449015,1.6549322519449008,5.2869818271730975e-15,0.08361907692167686,0.08401341633370411
tree_first,20,0.8,5,10,10,0.5104155980984736,0.5104155980984736,1.9591877750708397,1.9591877750708389,5.811463456374355e-15,0.07836380428345585,0.07464284367900846
chord_first,20,0.8,5,10,10,0.6276017884644597,0.6276017884644597,1.5933670336515129,1.5933670336515122,6.3467479840346516e-15,0.06432752031367399,0.06361663082553558
rank_greedy,20,0.8,5,10,10,0.7071067811865475,0.7071067811865475,1.414213562373096,1.4142135623730951,5.3837231811312645e-15,0.042499832301779054,0.04777386905252438
random,20,0.8,5,10,10,0.604782255008297,0.604782255008297,1.653487667203929,1.6534876672039278,5.782226546457897e-15,0.08623588924807549,0.07873907933922536
tree_first,20,0.8,6,10,10,0.5104155980984736,0.5104155980984736,1.9591877750708397,1.9591877750708389,5.811463456374355e-15,0.08531802931785648,0.08649955606985803
chord_first,20,0.8,6,10,10,0.6276017884644597,0.6276017884644597,1.5933670336515129,1.5933670336515122,6.3467479840346516e-15,0.10639605324857396,0.09954276902104792
rank_greedy,20,0.8,6,10,10,0.7071067811865475,0.7071067811865475,1.414213562373096,1.4142135623730951,5.3837231811312645e-15,0.06842813366509581,0.07189589117017314
random,20,0.8,6,10,10,0.5225998624380753,0.5225998624380753,1.9135098798815589,1.9135098798815575,5.261274171214504e-15,0.0839107945965693,0.08449491237131752
tree_first,20,0.8,7,10,10,0.5104155980984736,0.5104155980984736,1.9591877750708397,1.9591877750708389,5.811463456374355e-15,0.050161256853714926,0.04718903051871757
chord_first,20,0.8,7,10,10,0.6276017884644597,0.6276017884644597,1.5933670336515129,1.5933670336515122,6.3467479840346516e-15,0.08362522345715119,0.07551500110460531
rank_greedy,20,0.8,7,10,10,0.7071067811865475,0.7071067811865475,1.414213562373096,1.4142135623730951,5.3837231811312645e-15,0.05958800951270387,0.06336839536762247
random,20,0.8,7,10,10,0.5978488107156277,0.5978488107156277,1.672663693690376,1.6726636936903756,7.106511477068045e-15,0.08341401888380072,0.08448069695419841
tree_first,21,0.84,0,10,10,0.596191209495318,0.596191209495318,1.677314230859779,1.677314230859778,7.42605599599184e-15,0.059313565351984975,0.062489799774288896
chord_first,21,0.84,0,10,10,0.6343969593935161,0.6343969593935161,1.5763001149248905,1.5763001149248896,5.249840747695029e-15,0.06372464878272878,0.0654970379929011
rank_greedy,21,0.84,0,10,10,0.7818210327952637,0.7818210327952637,1.2790651032048552,1.2790651032048546,5.2738515228306065e-15,0.06793296844583263,0.07005467267601963
random,21,0.84,0,10,10,0.6254096173202464,0.6254096173202464,1.598952066462934,1.5989520664629329,5.641418894658524e-15,0.03998562263459371,0.04880799578691231
tree_first,21,0.84,1,10,10,0.596191209495318,0.596191209495318,1.677314230859779,1.677314230859778,7.42605599599184e-15,0.05994477845320861,0.05850640222465121
chord_first,21,0.84,1,10,10,0.6343969593935161,0.6343969593935161,1.5763001149248905,1.5763001149248896,5.249840747695029e-15,0.10115168278443257,0.09676288514343144
rank_greedy,21,0.84,1,10,10,0.7818210327952637,0.7818210327952637,1.2790651032048552,1.2790651032048546,5.2738515228306065e-15,0.07573060816847356,0.06493298636315371
random,21,0.84,1,10,10,0.6222532193461354,0.6222532193461354,1.6070627984067352,1.6070627984067345,5.568296989266915e-15,0.08106086489540737,0.08380882996260645
tree_first,21,0.84,2,10,10,0.596191209495318,0.596191209495318,1.677314230859779,1.677314230859778,7.42605599599184e-15,0.06661818626239167,0.07545846710002876
chord_first,21,0.84,2,10,10,0.6343969593935161,0.6343969593935161,1.5763001149248905,1.5763001149248896,5.249840747695029e-15,0.02269472275847066,0.02629540386262751
rank_greedy,21,0.84,2,10,10,0.7818210327952637,0.7818210327952637,1.2790651032048552,1.2790651032048546,5.2738515228306065e-15,0.07612462930413368,0.07611031472137435
random,21,0.84,2,10,10,0.5072466198788663,0.5072466198788663,1.9714276267406314,1.97142762674063,5.233968621320158e-15,0.06214892395525144,0.07013146869149565
tree_first,21,0.84,3,10,10,0.596191209495318,0.596191209495318,1.677314230859779,1.677314230859778,7.42605599599184e-15,0.06464835878211528,0.0654505296566541
chord_first,21,0.84,3,10,10,0.6343969593935161,0.6343969593935161,1.5763001149248905,1.5763001149248896,5.249840747695029e-15,0.07891951629741453,0.07160038251067355
rank_greedy,21,0.84,3,10,10,0.7818210327952637,0.7818210327952637,1.2790651032048552,1.2790651032048546,5.2738515228306065e-15,0.061004739250597566,0.06164702135380956
random,21,0.84,3,10,10,0.5164003235665802,0.5164003235665802,1.9364821328797432,1.936482132879742,9.35918668254045e-15,0.055662174932187225,0.05698829051865546
tree_first,21,0.84,4,10,10,0.596191209495318,0.596191209495318,1.677314230859779,1.677314230859778,7.42605599599184e-15,0.06170082419902499,0.06143897908319665
chord_first,21,0.84,4,10,10,0.6343969593935161,0.6343969593935161,1.5763001149248905,1.5763001149248896,5.249840747695029e-15,0.09990139601581753,0.0981542487568914
rank_greedy,21,0.84,4,10,10,0.7818210327952637,0.7818210327952637,1.2790651032048552,1.2790651032048546,5.2738515228306065e-15,0.07347390631073535,0.0696316906642979
random,21,0.84,4,10,10,0.6286035155087734,0.6286035155087734,1.5908278832812917,1.5908278832812908,5.246317758316481e-15,0.08482868586055237,0.09154337610542643
tree_first,21,0.84,5,10,10,0.596191209495318,0.596191209495318,1.677314230859779,1.677314230859778,7.42605599599184e-15,0.062110901969746855,0.05642790628451207
chord_first,21,0.84,5,10,10,0.6343969593935161,0.6343969593935161,1.5763001149248905,1.5763001149248896,5.249840747695029e-15,0.09636594145667395,0.0939236606224137
rank_greedy,21,0.84,5,10,10,0.7818210327952637,0.7818210327952637,1.2790651032048552,1.2790651032048546,5.2738515228306065e-15,0.07235383692523197,0.07038380149187322
random,21,0.84,5,10,10,0.6891123659420079,0.6891123659420079,1.4511421495578782,1.4511421495578776,5.491958090978082e-15,0.06566891887877169,0.06810323691762242
tree_first,21,0.84,6,10,10,0.596191209495318,0.596191209495318,1.677314230859779,1.677314230859778,7.42605599599184e-15,0.05704177272873502,0.06063241331836757
chord_first,21,0.84,6,10,10,0.6343969593935161,0.6343969593935161,1.5763001149248905,1.5763001149248896,5.249840747695029e-15,0.08962553938623662,0.08959939238547898
rank_greedy,21,0.84,6,10,10,0.7818210327952637,0.7818210327952637,1.2790651032048552,1.2790651032048546,5.2738515228306065e-15,0.0859754151372196,0.08486851197471049
random,21,0.84,6,10,10,0.5885292480565296,0.5885292480565296,1.6991508974316059,1.699150897431605,5.226014480975585e-15,0.050512897140592095,0.05363639830391767
tree_first,21,0.84,7,10,10,0.596191209495318,0.596191209495318,1.677314230859779,1.677314230859778,7.42605599599184e-15,0.0642064874654132,0.060255090055103495
chord_first,21,0.84,7,10,10,0.6343969593935161,0.6343969593935161,1.5763001149248905,1.5763001149248896,5.249840747695029e-15,0.05562069505526986,0.05200765482715333
rank_greedy,21,0.84,7,10,10,0.7818210327952637,0.7818210327952637,1.2790651032048552,1.2790651032048546,5.2738515228306065e-15,0.055294753591241703,0.050364200110356035
random,21,0.84,7,10,10,0.6929152459704662,0.6929152459704662,1.4431779439337422,1.4431779439337413,6.441207436029955e-15,0.06856094913306976,0.06471104949192916
tree_first,22,0.88,0,10,10,0.5966720667253914,0.5966720667253914,1.6759624855376958,1.6759624855376944,6.810247759718853e-15,0.05037450366202616,0.055371310039317445
chord_first,22,0.88,0,10,10,0.7397173700343161,0.7397173700343161,1.351867673397489,1.3518676733974884,5.119681256790556e-15,0.09123246088277613,0.08833947742782002
rank_greedy,22,0.88,0,10,10,0.7959605221717988,0.7959605221717988,1.2563437157303665,1.2563437157303659,5.104309971746478e-15,0.04965278406826271,0.05263763028404464
random,22,0.88,0,10,10,0.6613122237070875,0.6613122237070875,1.5121450415574456,1.5121450415574447,5.973577655777709e-15,0.0746215716968612,0.08546689846811914
tree_first,22,0.88,1,10,10,0.5966720667253914,0.5966720667253914,1.6759624855376958,1.6759624855376944,6.810247759718853e-15,0.07535402858430161,0.08017575348869092
chord_first,22,0.88,1,10,10,0.7397173700343161,0.7397173700343161,1.351867673397489,1.3518676733974884,5.119681256790556e-15,0.053073188454504906,0.05759763209076544
rank_greedy,22,0.88,1,10,10,0.7959605221717988,0.7959605221717988,1.2563437157303665,1.2563437157303659,5.104309971746478e-15,0.059129343501215376,0.05860133950798735
random,22,0.88,1,10,10,0.6341722476621355,0.6341722476621355,1.5768586589628961,1.576858658962895,5.0688703082719755e-15,0.06437062191131117,0.06995757007764254
tree_first,22,0.88,2,10,10,0.5966720667253914,0.5966720667253914,1.6759624855376958,1.6759624855376944,6.810247759718853e-15,0.06610099484708326,0.062329320782582645
chord_first,22,0.88,2,10,10,0.7397173700343161,0.7397173700343161,1.351867673397489,1.3518676733974884,5.119681256790556e-15,0.046065752734948895,0.052622402674387524
rank_greedy,22,0.88,2,10,10,0.7959605221717988,0.7959605221717988,1.2563437157303665,1.2563437157303659,5.104309971746478e-15,0.05292882886158349,0.04935254224278366
random,22,0.88,2,10,10,0.7568097840164646,0.7568097840164646,1.3213359831223392,1.3213359831223386,5.110644923471199e-15,0.05916857724881208,0.05602408223059569
tree_first,22,0.88,3,10,10,0.5966720667253914,0.5966720667253914,1.6759624855376958,1.6759624855376944,6.810247759718853e-15,0.054900912083692535,0.054757513795208164
chord_first,22,0.88,3,10,10,0.7397173700343161,0.7397173700343161,1.351867673397489,1.3518676733974884,5.119681256790556e-15,0.0768706090561456,0.07229972187710638
rank_greedy,22,0.88,3,10,10,0.7959605221717988,0.7959605221717988,1.2563437157303665,1.2563437157303659,5.104309971746478e-15,0.07615023535840873,0.07179005251740854
random,22,0.88,3,10,10,0.6595164274356718,0.6595164274356718,1.5162624589780047,1.5162624589780038,5.8993494952456505e-15,0.07495429667469572,0.07188529604587482
tree_first,22,0.88,4,10,10,0.5966720667253914,0.5966720667253914,1.6759624855376958,1.6759624855376944,6.810247759718853e-15,0.11553353573579023,0.11620019872767211
chord_first,22,0.88,4,10,10,0.7397173700343161,0.7397173700343161,1.351867673397489,1.3518676733974884,5.119681256790556e-15,0.08901352307591248,0.08851136934124872
rank_greedy,22,0.88,4,10,10,0.7959605221717988,0.7959605221717988,1.2563437157303665,1.2563437157303659,5.104309971746478e-15,0.06444845064127878,0.05762068392012576
random,22,0.88,4,10,10,0.6804306086925394,0.6804306086925394,1.4696575774589566,1.4696575774589558,6.050206186156102e-15,0.08714953502131301,0.08371876934261863
tree_first,22,0.88,5,10,10,0.5966720667253914,0.5966720667253914,1.6759624855376958,1.6759624855376944,6.810247759718853e-15,0.08504279366403912,0.088799660296396
chord_first,22,0.88,5,10,10,0.7397173700343161,0.7397173700343161,1.351867673397489,1.3518676733974884,5.119681256790556e-15,0.058837488967077994,0.061998978555488866
rank_greedy,22,0.88,5,10,10,0.7959605221717988,0.7959605221717988,1.2563437157303665,1.2563437157303659,5.104309971746478e-15,0.058951172760189734,0.05742472407767702
random,22,0.88,5,10,10,0.6837494865894125,0.6837494865894125,1.4625239500918186,1.462523950091818,5.056697211188391e-15,0.062176748539685966,0.05283949119288372
tree_first,22,0.88,6,10,10,0.5966720667253914,0.5966720667253914,1.6759624855376958,1.6759624855376944,6.810247759718853e-15,0.04167484651655165,0.0415933636556139
chord_first,22,0.88,6,10,10,0.7397173700343161,0.7397173700343161,1.351867673397489,1.3518676733974884,5.119681256790556e-15,0.06611166306050244,0.06657926843614365
rank_greedy,22,0.88,6,10,10,0.7959605221717988,0.7959605221717988,1.2563437157303665,1.2563437157303659,5.104309971746478e-15,0.08521969458366305,0.08544707228458863
random,22,0.88,6,10,10,0.6641029048883897,0.6641029048883897,1.5057907330913756,1.505790733091375,5.3360049004682235e-15,0.06053321228319428,0.05744464161285969
tree_first,22,0.88,7,10,10,0.5966720667253914,0.5966720667253914,1.6759624855376958,1.6759624855376944,6.810247759718853e-15,0.08031943888311534,0.08809800624487454
chord_first,22,0.88,7,10,10,0.7397173700343161,0.7397173700343161,1.351867673397489,1.3518676733974884,5.119681256790556e-15,0.06333601875070884,0.06480633232725543
rank_greedy,22,0.88,7,10,10,0.7959605221717988,0.7959605221717988,1.2563437157303665,1.2563437157303659,5.104309971746478e-15,0.04901403908184598,0.051377578360719385
random,22,0.88,7,10,10,0.6880750366381788,0.6880750366381788,1.4533298648441535,1.4533298648441528,5.679525988368478e-15,0.057495314240687656,0.05806972385335455
tree_first,23,0.92,0,10,10,0.7112768653668997,0.7112768653668997,1.4059222908707538,1.4059222908707534,5.398013494481199e-15,0.0597065736021894,0.057561855164793556
chord_first,23,0.92,0,10,10,0.7443363417246294,0.7443363417246294,1.3434786721322758,1.3434786721322745,5.116369787663056e-15,0.05179902730435658,0.04625114708169956
rank_greedy,23,0.92,0,10,10,0.8213565102638217,0.8213565102638217,1.2174981113606782,1.2174981113606778,5.200597984368608e-15,0.060100377590121934,0.0629224617672322
random,23,0.92,0,10,10,0.7311248101285777,0.7311248101285777,1.3677555270270991,1.3677555270270985,5.035017481991305e-15,0.0765585657174008,0.0739964996849794
tree_first,23,0.92,1,10,10,0.7112768653668997,0.7112768653668997,1.4059222908707538,1.4059222908707534,5.398013494481199e-15,0.09167785331496273,0.09239816268123478
chord_first,23,0.92,1,10,10,0.7443363417246294,0.7443363417246294,1.3434786721322758,1.3434786721322745,5.116369787663056e-15,0.0674245052623589,0.06789509373733972
rank_greedy,23,0.92,1,10,10,0.8213565102638217,0.8213565102638217,1.2174981113606782,1.2174981113606778,5.200597984368608e-15,0.0628078634828576,0.06209976460699331
random,23,0.92,1,10,10,0.7277106945028659,0.7277106945028659,1.3741724665502526,1.374172466550252,5.162537064506978e-15,0.08618545680006824,0.08727934589094545
tree_first,23,0.92,2,10,10,0.7112768653668997,0.7112768653668997,1.4059222908707538,1.4059222908707534,5.398013494481199e-15,0.060739354222282396,0.06513758493213426
chord_first,23,0.92,2,10,10,0.7443363417246294,0.7443363417246294,1.3434786721322758,1.3434786721322745,5.116369787663056e-15,0.09711711338294605,0.09591850667342483
rank_greedy,23,0.92,2,10,10,0.8213565102638217,0.8213565102638217,1.2174981113606782,1.2174981113606778,5.200597984368608e-15,0.06716680362571092,0.06170947016690185
random,23,0.92,2,10,10,0.731124810128578,0.731124810128578,1.3677555270270987,1.3677555270270978,5.063396036227354e-15,0.05928998808089697,0.060336091422123386
tree_first,23,0.92,3,10,10,0.7112768653668997,0.7112768653668997,1.4059222908707538,1.4059222908707534,5.398013494481199e-15,0.09407236477675257,0.09467289065903169
chord_first,23,0.92,3,10,10,0.7443363417246294,0.7443363417246294,1.3434786721322758,1.3434786721322745,5.116369787663056e-15,0.0755784992371519,0.07037489105811853
rank_greedy,23,0.92,3,10,10,0.8213565102638217,0.8213565102638217,1.2174981113606782,1.2174981113606778,5.200597984368608e-15,0.06638337530124924,0.06877688951307895
random,23,0.92,3,10,10,0.7183099365512016,0.7183099365512016,1.3921567127433438,1.392156712743343,4.9950783392781254e-15,0.08317782548052324,0.08408090655092326
tree_first,23,0.92,4,10,10,0.7112768653668997,0.7112768653668997,1.4059222908707538,1.4059222908707534,5.398013494481199e-15,0.05014418638516542,0.04972120870873789
chord_first,23,0.92,4,10,10,0.7443363417246294,0.7443363417246294,1.3434786721322758,1.3434786721322745,5.116369787663056e-15,0.07238125672772386,0.06904017833615854
rank_greedy,23,0.92,4,10,10,0.8213565102638217,0.8213565102638217,1.2174981113606782,1.2174981113606778,5.200597984368608e-15,0.08121521712435888,0.07669657934496771
random,23,0.92,4,10,10,0.7034969621140766,0.7034969621140766,1.4214702462892002,1.4214702462891993,5.4349924668792015e-15,0.07990183330867776,0.08079771408390372
tree_first,23,0.92,5,10,10,0.7112768653668997,0.7112768653668997,1.4059222908707538,1.4059222908707534,5.398013494481199e-15,0.08084013146280143,0.08192013593058316
chord_first,23,0.92,5,10,10,0.7443363417246294,0.7443363417246294,1.3434786721322758,1.3434786721322745,5.116369787663056e-15,0.05190968750208994,0.048965690913195185
rank_greedy,23,0.92,5,10,10,0.8213565102638217,0.8213565102638217,1.2174981113606782,1.2174981113606778,5.200597984368608e-15,0.04407788373121374,0.04638785221106755
random,23,0.92,5,10,10,0.7762396977308689,0.7762396977308689,1.288261864116504,1.2882618641165031,5.081317467589782e-15,0.06406770339869582,0.0645520806582974
tree_first,23,0.92,6,10,10,0.7112768653668997,0.7112768653668997,1.4059222908707538,1.4059222908707534,5.398013494481199e-15,0.0650081738586677,0.06692612370437218
chord_first,23,0.92,6,10,10,0.7443363417246294,0.7443363417246294,1.3434786721322758,1.3434786721322745,5.116369787663056e-15,0.05119846974485311,0.052084195037120445
rank_greedy,23,0.92,6,10,10,0.8213565102638217,0.8213565102638217,1.2174981113606782,1.2174981113606778,5.200597984368608e-15,0.06762278541300298,0.06383505696374163
random,23,0.92,6,10,10,0.6923676565921584,0.6923676565921584,1.444319344612387,1.4443193446123863,5.127800341738166e-15,0.04608795822914205,0.03941765512954519
tree_first,23,0.92,7,10,10,0.7112768653668997,0.7112768653668997,1.4059222908707538,1.4059222908707534,5.398013494481199e-15,0.10904380393495589,0.11144557433550921
chord_first,23,0.92,7,10,10,0.7443363417246294,0.7443363417246294,1.3434786721322758,1.3434786721322745,5.116369787663056e-15,0.07420232166991808,0.07519743146762564
rank_greedy,23,0.92,7,10,10,0.8213565102638217,0.8213565102638217,1.2174981113606782,1.2174981113606778,5.200597984368608e-15,0.08406720496665915,0.07970106423955736
random,23,0.92,7,10,10,0.7327961820698377,0.7327961820698377,1.3646359307924147,1.3646359307924139,4.981487945126502e-15,0.04692089579471315,0.052362898846686566
tree_first,24,0.96,0,10,10,0.8500701502335133,0.8500701502335133,1.1763735024989428,1.1763735024989421,5.286107488230402e-15,0.05843713821966179,0.0571245034872446
chord_first,24,0.96,0,10,10,0.8500701502335133,0.8500701502335133,1.1763735024989428,1.1763735024989421,5.0178519030498464e-15,0.05312063562946946,0.05310688813551767
rank_greedy,24,0.96,0,10,10,0.9999999999999994,0.9999999999999994,1.000000000000001,1.0000000000000007,5.0147804380481875e-15,0.05179365883151342,0.049883704546782155
random,24,0.96,0,10,10,0.8242878925574473,0.8242878925574473,1.21316837118326,1.2131683711832595,4.964137268894119e-15,0.07961786904306038,0.08131755650523277
tree_first,24,0.96,1,10,10,0.8500701502335133,0.8500701502335133,1.1763735024989428,1.1763735024989421,5.286107488230402e-15,0.04534184125824682,0.045692027921323486
chord_first,24,0.96,1,10,10,0.8500701502335133,0.8500701502335133,1.1763735024989428,1.1763735024989421,5.0178519030498464e-15,0.048001851941322976,0.04984114623382414
rank_greedy,24,0.96,1,10,10,0.9999999999999994,0.9999999999999994,1.000000000000001,1.0000000000000007,5.0147804380481875e-15,0.07287945800803389,0.06908062151987401
random,24,0.96,1,10,10,0.7219700648855072,0.7219700648855072,1.385098979358077,1.3850989793580761,4.956371820863329e-15,0.059357871194825086,0.06264202240550917
tree_first,24,0.96,2,10,10,0.8500701502335133,0.8500701502335133,1.1763735024989428,1.1763735024989421,5.286107488230402e-15,0.054780454911351466,0.0539892973024786
chord_first,24,0.96,2,10,10,0.8500701502335133,0.8500701502335133,1.1763735024989428,1.1763735024989421,5.0178519030498464e-15,0.044694235431250645,0.04769201009207895
rank_greedy,24,0.96,2,10,10,0.9999999999999994,0.9999999999999994,1.000000000000001,1.0000000000000007,5.0147804380481875e-15,0.08282977913143265,0.0848520650025907
random,24,0.96,2,10,10,0.8500701502335135,0.8500701502335135,1.1763735024989423,1.176373502498942,5.2248350599538e-15,0.056144121438889256,0.05558897004744456
tree_first,24,0.96,3,10,10,0.8500701502335133,0.8500701502335133,1.1763735024989428,1.1763735024989421,5.286107488230402e-15,0.08464262936727532,0.08507033331577603
chord_first,24,0.96,3,10,10,0.8500701502335133,0.8500701502335133,1.1763735024989428,1.1763735024989421,5.0178519030498464e-15,0.057748764039875645,0.05912257898146527
rank_greedy,24,0.96,3,10,10,0.9999999999999994,0.9999999999999994,1.000000000000001,1.0000000000000007,5.0147804380481875e-15,0.043491503423006235,0.04415055965236374
random,24,0.96,3,10,10,0.9999999999999993,0.9999999999999993,1.0000000000000016,1.0000000000000007,5.084651765210107e-15,0.09724769577331342,0.09769238607509645
tree_first,24,0.96,4,10,10,0.8500701502335133,0.8500701502335133,1.1763735024989428,1.1763735024989421,5.286107488230402e-15,0.05941006340578856,0.06136215522860836
chord_first,24,0.96,4,10,10,0.8500701502335133,0.8500701502335133,1.1763735024989428,1.1763735024989421,5.0178519030498464e-15,0.06259760718010556,0.05809164549976857
rank_greedy,24,0.96,4,10,10,0.9999999999999994,0.9999999999999994,1.000000000000001,1.0000000000000007,5.0147804380481875e-15,0.0744679292184163,0.0711636633910113
random,24,0.96,4,10,10,0.731341717903816,0.731341717903816,1.3673498660328274,1.3673498660328265,5.061874354439054e-15,0.05084429147833643,0.057833661921230704
tree_first,24,0.96,5,10,10,0.8500701502335133,0.8500701502335133,1.1763735024989428,1.1763735024989421,5.286107488230402e-15,0.06983374829473611,0.07003773412174273
chord_first,24,0.96,5,10,10,0.8500701502335133,0.8500701502335133,1.1763735024989428,1.1763735024989421,5.0178519030498464e-15,0.049178151516025066,0.048204435728545464
rank_greedy,24,0.96,5,10,10,0.9999999999999994,0.9999999999999994,1.000000000000001,1.0000000000000007,5.0147804380481875e-15,0.056585769309466696,0.05948314565575813
random,24,0.96,5,10,10,0.7960299231107151,0.7960299231107151,1.256234182871184,1.2562341828711832,4.914226364206316e-15,0.07521276468235637,0.07642069547933375
tree_first,24,0.96,6,10,10,0.8500701502335133,0.8500701502335133,1.1763735024989428,1.1763735024989421,5.286107488230402e-15,0.08075995010966157,0.07596929120864537
chord_first,24,0.96,6,10,10,0.8500701502335133,0.8500701502335133,1.1763735024989428,1.1763735024989421,5.0178519030498464e-15,0.05426575877302932,0.051708943813993866
rank_greedy,24,0.96,6,10,10,0.9999999999999994,0.9999999999999994,1.000000000000001,1.0000000000000007,5.0147804380481875e-15,0.07195736724320735,0.07390005431259777
random,24,0.96,6,10,10,0.8213565102638217,0.8213565102638217,1.2174981113606782,1.2174981113606778,5.041439505745306e-15,0.05176417873536026,0.054816018652096156
tree_first,24,0.96,7,10,10,0.8500701502335133,0.8500701502335133,1.1763735024989428,1.1763735024989421,5.286107488230402e-15,0.03888023560063916,0.03924138976987877
chord_first,24,0.96,7,10,10,0.8500701502335133,0.8500701502335133,1.1763735024989428,1.1763735024989421,5.0178519030498464e-15,0.07979285136469345,0.07700712750343815
rank_greedy,24,0.96,7,10,10,0.9999999999999994,0.9999999999999994,1.000000000000001,1.0000000000000007,5.0147804380481875e-15,0.058851902354036895,0.059812771914822704
random,24,0.96,7,10,10,0.9999999999999994,0.9999999999999994,1.000000000000001,1.0000000000000007,5.0270550383173204e-15,0.055944311471597584,0.056290830404056774
tree_first,25,1.0,0,10,10,0.9999999999999992,0.9999999999999992,1.0000000000000016,1.0000000000000009,5.0178519030498464e-15,0.050612957683408656,0.05268875218274423
chord_first,25,1.0,0,10,10,0.9999999999999993,0.9999999999999993,1.0000000000000013,1.0000000000000007,5.001243582724792e-15,0.03167867959610753,0.03650831533486013
rank_greedy,25,1.0,0,10,10,0.9999999999999994,0.9999999999999994,1.000000000000001,1.0000000000000007,5.0147804380481875e-15,0.05810894117222036,0.05637624501796323
random,25,1.0,0,10,10,0.9999999999999992,0.9999999999999992,1.0000000000000013,1.0000000000000009,5.1383059875425614e-15,0.05571738772174318,0.053235171094096534
tree_first,25,1.0,1,10,10,0.9999999999999992,0.9999999999999992,1.0000000000000016,1.0000000000000009,5.0178519030498464e-15,0.03861529047469672,0.03161163786034357
chord_first,25,1.0,1,10,10,0.9999999999999993,0.9999999999999993,1.0000000000000013,1.0000000000000007,5.001243582724792e-15,0.0641826128938083,0.062075648887380395
rank_greedy,25,1.0,1,10,10,0.9999999999999994,0.9999999999999994,1.000000000000001,1.0000000000000007,5.0147804380481875e-15,0.0532534174648638,0.04994458934941763
random,25,1.0,1,10,10,0.9999999999999994,0.9999999999999994,1.000000000000001,1.0000000000000007,4.988596633262115e-15,0.06301854773970021,0.06470543921323256
tree_first,25,1.0,2,10,10,0.9999999999999992,0.9999999999999992,1.0000000000000016,1.0000000000000009,5.0178519030498464e-15,0.07780825242073802,0.08198309664095817
chord_first,25,1.0,2,10,10,0.9999999999999993,0.9999999999999993,1.0000000000000013,1.0000000000000007,5.001243582724792e-15,0.05720375097619658,0.05870479283352928
rank_greedy,25,1.0,2,10,10,0.9999999999999994,0.9999999999999994,1.000000000000001,1.0000000000000007,5.0147804380481875e-15,0.034888712494334125,0.03563939010070085
random,25,1.0,2,10,10,0.9999999999999993,0.9999999999999993,1.000000000000001,1.0000000000000007,5.052429698163664e-15,0.07035135575423533,0.075126949302662
tree_first,25,1.0,3,10,10,0.9999999999999992,0.9999999999999992,1.0000000000000016,1.0000000000000009,5.0178519030498464e-15,0.062227005702846894,0.0636953898151061
chord_first,25,1.0,3,10,10,0.9999999999999993,0.9999999999999993,1.0000000000000013,1.0000000000000007,5.001243582724792e-15,0.08766927889926,0.08462208232817735
rank_greedy,25,1.0,3,10,10,0.9999999999999994,0.9999999999999994,1.000000000000001,1.0000000000000007,5.0147804380481875e-15,0.06682027942012952,0.06354841356919026
random,25,1.0,3,10,10,0.9999999999999993,0.9999999999999993,1.0000000000000013,1.0000000000000007,5.004015464099315e-15,0.05162720339472345,0.05604013753076768
tree_first,25,1.0,4,10,10,0.9999999999999992,0.9999999999999992,1.0000000000000016,1.0000000000000009,5.0178519030498464e-15,0.05027803929461843,0.04853996224451865
chord_first,25,1.0,4,10,10,0.9999999999999993,0.9999999999999993,1.0000000000000013,1.0000000000000007,5.001243582724792e-15,0.06872634039232027,0.06516270838347499
rank_greedy,25,1.0,4,10,10,0.9999999999999994,0.9999999999999994,1.000000000000001,1.0000000000000007,5.0147804380481875e-15,0.06185249006334169,0.05969919204724301
random,25,1.0,4,10,10,0.999999999999999,0.999999999999999,1.0000000000000018,1.000000000000001,5.09978018830275e-15,0.047084712761957664,0.0505176376599247
tree_first,25,1.0,5,10,10,0.9999999999999992,0.9999999999999992,1.0000000000000016,1.0000000000000009,5.0178519030498464e-15,0.04887066441875186,0.04865442198882316
chord_first,25,1.0,5,10,10,0.9999999999999993,0.9999999999999993,1.0000000000000013,1.0000000000000007,5.001243582724792e-15,0.07037194164221923,0.06930577963687212
rank_greedy,25,1.0,5,10,10,0.9999999999999994,0.9999999999999994,1.000000000000001,1.0000000000000007,5.0147804380481875e-15,0.06876401402140467,0.0681488199272731
random,25,1.0,5,10,10,0.9999999999999997,0.9999999999999997,1.000000000000001,1.0000000000000004,5.046326990660216e-15,0.04594311642680755,0.04509021462831015
tree_first,25,1.0,6,10,10,0.9999999999999992,0.9999999999999992,1.0000000000000016,1.0000000000000009,5.0178519030498464e-15,0.075628821937798,0.07736716003303228
chord_first,25,1.0,6,10,10,0.9999999999999993,0.9999999999999993,1.0000000000000013,1.0000000000000007,5.001243582724792e-15,0.035401923799110266,0.03276290914871944
rank_greedy,25,1.0,6,10,10,0.9999999999999994,0.9999999999999994,1.000000000000001,1.0000000000000007,5.0147804380481875e-15,0.0502184472344377,0.047882412199614616
random,25,1.0,6,10,10,0.9999999999999994,0.9999999999999994,1.0000000000000013,1.0000000000000007,5.0147804380481875e-15,0.0686165445216883,0.07019508719671355
tree_first,25,1.0,7,10,10,0.9999999999999992,0.9999999999999992,1.0000000000000016,1.0000000000000009,5.0178519030498464e-15,0.0648381344431274,0.06877880382304744
chord_first,25,1.0,7,10,10,0.9999999999999993,0.9999999999999993,1.0000000000000013,1.0000000000000007,5.001243582724792e-15,0.06742792938965346,0.07094744646463423
rank_greedy,25,1.0,7,10,10,0.9999999999999994,0.9999999999999994,1.000000000000001,1.0000000000000007,5.0147804380481875e-15,0.08785876304617263,0.08623482211012376
random,25,1.0,7,10,10,0.9999999999999993,0.9999999999999993,1.0000000000000013,1.0000000000000007,5.01385863164267e-15,0.06059295625030254,0.0599810744825383
